ShootCAX22,ShootCAX23,ShootCOL00,ShootRBOHD,ShootCAX22|ShootCAX23,ShootCAX22|ShootCOL00,ShootCAX22|ShootRBOHD,ShootCAX23|ShootCOL00,ShootCAX23|ShootRBOHD,ShootCOL00|ShootRBOHD,ShootCAX22|ShootCAX23|ShootCOL00,ShootCAX22|ShootCAX23|ShootRBOHD,ShootCAX22|ShootCOL00|ShootRBOHD,ShootCAX23|ShootCOL00|ShootRBOHD,ShootCAX22|ShootCAX23|ShootCOL00|ShootRBOHD
ATCG00250.1,AT4G12545.1,AT1G30700.1,AT3G49630.1,AT3G24240.1,AT4G13420.1,AT4G37990.1,AT3G57260.1,AT3G23470.1,AT3G22600.1,AT5G10580.1,AT1G66270.1,AT2G39030.1,AT1G13609.1,ATCG01170.1
ATCG00060.1,AT5G42600.1,AT4G11650.1,AT3G60140.1,AT4G15390.1,AT3G47760.1,AT1G58983.1,AT3G09220.1,AT4G22212.1,AT2G39530.1,AT5G10580.2,AT1G66270.2,AT5G07010.1,AT1G13609.2,ATCG01160.1
ATCG00230.1,AT5G46900.1,AT2G30660.1,AT2G26020.1,AT1G70850.1,AT1G34047.1,,AT5G23840.1,AT1G29025.1,ATMG01300.1,AT1G66700.1,AT3G28550.1,,AT2G14610.1,ATCG01140.1
ATCG00260.1,AT3G01190.1,AT3G11340.1,AT1G19550.1,AT1G70850.2,AT1G34047.2,,AT5G23840.2,AT3G15240.2,ATMG01310.1,AT4G24000.1,AT1G23720.1,,AT2G44460.1,ATCG01150.1
ATCG00240.1,AT5G46890.1,AT4G22070.1,AT5G35935.1,AT1G70850.3,AT1G66960.1,,AT4G37070.2,AT5G36180.1,AT4G08770.1,AT1G66700.3,AT1G66280.1,,AT2G14247.1,ATCG01190.1
ATCG00310.1,AT2G05440.4,AT1G14870.1,AT4G17470.1,AT5G48940.1,AT1G69920.1,,AT4G37070.1,AT5G26260.1,ATMG01270.1,AT1G67980.1,AT2G02990.1,,ATMG01230.1,ATCG01180.1
ATCG00320.1,AT4G12510.1,AT1G30720.1,AT4G17470.2,AT3G01260.1,,,AT4G37070.3,AT1G54000.1,AT4G15610.1,AT1G67980.2,AT3G54580.1,,AT4G23150.1,ATCG00960.1
AT2G07750.1,AT2G05440.5,AT1G02360.1,AT4G17470.3,AT5G26290.1,,,AT4G37070.4,AT5G19110.1,ATMG01290.1,AT3G05780.1,AT3G59220.1,,ATMG00820.1,ATCG00970.1
AT4G29020.2,AT2G05440.7,AT3G09270.1,AT1G19560.1,AT4G12520.1,,,AT5G63600.1,AT5G51060.1,AT1G78355.1,AT2G25330.1,AT1G73290.1,,ATMG00790.1,ATCG00980.1
AT1G59171.1,AT2G05440.3,AT1G78780.4,AT5G66150.1,AT3G32030.1,,,AT5G64100.1,AT1G51840.1,AT4G35770.3,AT4G23310.1,AT1G43160.1,,ATMG00800.1,ATCG00990.1
AT1G59171.2,AT2G05440.1,AT1G78780.2,AT1G33940.2,AT1G12040.1,,,AT5G63600.2,AT3G05155.1,AT4G35770.1,AT2G26400.1,AT5G59090.1,,ATMG00850.1,ATCG01200.1
AT1G28630.4,AT2G05440.2,AT1G78780.1,AT3G44860.1,AT4G29020.1,,,AT3G23180.1,AT5G35940.1,AT4G35770.2,AT3G28510.1,AT5G59090.3,,ATMG00870.1,ATCG00950.1
AT1G59218.1,AT2G05440.8,AT5G48410.1,AT1G61810.1,AT1G05260.1,,,AT2G44790.1,AT2G28780.1,AT4G36700.1,AT2G04050.1,AT5G59090.2,,ATMG00880.1,ATCG01030.1
AT1G71920.1,AT2G05440.6,AT5G24090.1,AT4G21440.1,AT5G63660.1,,,AT5G17330.1,AT5G38200.1,AT3G47340.3,AT2G07813.1,AT3G54590.1,,AT2G43570.1,ATCG00940.1
AT1G71920.2,AT5G42590.1,AT2G34500.1,AT1G20750.1,AT2G01520.1,,,AT3G22240.1,AT3G14530.1,AT3G47340.1,AT2G39518.1,AT3G48520.1,,ATMG00750.1,AT4G31970.1
AT1G71920.3,AT5G48010.2,AT3G51330.1,AT1G61810.3,AT2G07706.1,,,AT4G20210.1,AT1G07550.1,AT3G47340.2,AT5G20240.1,AT1G54890.1,,ATMG00760.1,AT2G38240.1
AT1G59218.2,AT5G47990.1,AT3G61730.1,AT5G20230.1,AT2G24850.1,,,AT3G44540.2,AT5G24780.2,AT1G51913.1,AT1G65481.1,AT2G25980.1,,ATMG00700.1,AT3G55970.1
AT2G07770.1,AT5G48010.1,AT1G78780.3,AT2G26010.1,AT4G12550.1,,,AT3G44540.1,AT5G24780.1,AT2G15490.1,,AT1G10585.1,,ATMG00740.1,AT1G26390.1
AT4G37390.1,AT5G66390.1,AT2G05510.2,AT3G41762.1,AT5G53250.1,,,AT3G58550.1,AT3G14540.1,AT2G15490.3,,AT4G33120.1,,ATMG00770.1,AT4G23700.1
AT5G46730.1,AT2G16005.1,AT2G05510.3,AT3G42100.1,AT5G35190.1,,,AT1G32350.1,AT5G28640.1,AT4G20000.1,,AT5G19520.1,,ATMG00840.1,AT2G30750.1
AT5G46730.2,AT2G36100.1,AT2G05510.6,AT2G04290.1,AT1G33750.1,,,AT1G19250.1,AT5G19600.1,AT1G10070.2,,AT4G22470.1,,AT1G21240.1,AT1G26410.1
AT2G30290.2,AT2G25160.1,AT2G05510.1,AT3G14820.1,AT5G47450.1,,,AT5G06200.1,ATMG00100.1,AT1G10070.3,,AT3G12230.1,,ATMG00890.1,AT2G45220.1
AT1G05135.1,AT5G04120.1,AT2G05510.4,AT5G66020.1,AT4G21830.2,,,AT3G54040.1,AT5G54000.1,AT1G10070.1,,AT4G29690.1,,ATMG00900.1,AT1G26380.1
AT2G30290.1,AT4G11210.1,AT2G05510.5,AT1G76470.1,AT5G23830.1,,,AT1G13470.1,ATMG00170.1,AT1G52040.1,,,,ATMG00910.1,AT3G26830.1
AT2G07704.1,AT2G12646.1,AT3G61510.1,AT3G60950.1,AT5G23830.2,,,AT3G29250.2,ATMG00190.1,AT2G19800.1,,,,ATMG00920.1,AT4G12500.1
AT3G60120.1,AT5G42580.1,AT2G29250.1,AT1G33940.1,AT2G33790.1,,,AT3G29250.1,ATMG00210.1,AT3G45520.1,,,,ATMG00930.1,AT1G14540.1
AT1G51880.1,AT5G62165.2,AT2G29490.1,AT1G77960.1,AT3G26610.1,,,AT2G46860.1,AT5G53960.1,AT2G47130.1,,,,ATMG00950.1,AT2G35980.1
ATCG01000.1,AT5G62165.3,AT3G61500.1,AT3G60170.1,AT1G43310.1,,,AT2G29350.2,AT4G24340.1,AT2G39330.1,,,,ATMG00780.1,AT5G64905.1
AT2G03250.1,AT4G11320.1,AT5G43580.1,AT3G31980.1,AT5G17820.1,,,AT5G43350.1,AT2G47550.1,AT1G78350.1,,,,ATMG00940.1,AT5G40990.1
AT2G07760.1,AT5G60660.1,AT1G64940.1,AT3G23955.2,AT5G09530.1,,,AT2G46750.1,AT5G54045.1,AT1G08630.1,,,,AT2G30766.2,AT1G52890.1
AT2G32690.1,AT5G62165.1,AT1G74080.1,AT4G05280.1,AT4G15393.3,,,AT1G44130.1,AT1G69230.1,AT1G08630.4,,,,AT3G19390.1,AT1G17710.1
AT2G32690.2,AT5G62165.4,AT2G44370.1,AT5G42800.1,AT4G15393.1,,,AT2G29350.1,AT1G69230.2,AT1G08630.2,,,,ATMG01180.1,AT2G43000.1
AT2G32690.4,AT5G56540.1,AT4G39670.1,AT1G30135.1,AT4G15393.2,,,AT2G29350.3,AT1G56600.1,AT1G08630.3,,,,AT2G30766.1,AT1G17710.2
AT2G32690.3,AT3G29410.1,AT4G25810.1,AT3G43250.1,AT4G30170.1,,,AT1G15520.1,AT1G13608.1,AT1G08630.5,,,,ATMG01010.1,AT4G12490.1
AT4G01820.1,AT5G62165.5,AT1G51860.1,AT1G56650.1,AT4G21830.1,,,AT2G28960.1,AT1G08830.1,AT5G67450.1,,,,AT1G14880.1,AT2G30770.1
AT1G60830.1,AT2G27370.1,AT2G05090.1,AT1G52400.3,AT2G38390.1,,,AT1G61800.1,AT1G08830.2,AT3G55870.1,,,,ATMG01060.1,
AT3G24540.1,AT5G42180.1,AT3G49120.1,AT1G52400.1,AT2G41800.1,,,AT5G43520.1,AT5G03860.2,AT5G13220.2,,,,ATMG01070.1,
AT5G44575.1,AT5G48000.2,AT2G43510.1,AT1G52400.2,AT5G04960.1,,,AT3G01420.1,AT3G21080.1,AT3G46850.1,,,,ATMG01140.1,
AT4G19320.1,AT5G48000.5,AT2G05080.1,AT3G14520.1,AT5G48110.1,,,AT5G02780.1,AT5G03860.1,AT1G78360.1,,,,ATMG01150.1,
,AT5G48000.3,AT2G05082.1,AT1G77950.2,AT3G23800.1,,,AT5G02780.2,AT2G25625.1,AT3G45060.1,,,,AT4G11170.1,
,AT5G48000.4,AT1G02580.1,AT3G32000.1,AT3G31950.1,,,AT4G35180.1,AT2G25625.2,AT2G15490.2,,,,AT2G41240.2,
,AT5G48000.1,AT1G05880.1,AT5G09210.1,AT4G28410.1,,,AT3G25240.1,AT5G26320.1,AT5G45840.2,,,,AT2G41240.1,
,AT1G53480.2,AT2G05084.1,AT3G23955.1,AT3G20940.1,,,AT1G26250.1,AT3G02670.1,AT5G13220.3,,,,AT2G30760.1,
,AT1G77530.1,AT2G05087.1,AT1G69480.1,AT2G01530.1,,,AT1G74770.1,AT1G11080.1,AT5G45840.1,,,,ATMG01240.1,
,AT1G66800.1,AT4G14390.1,AT4G21680.1,AT5G38870.1,,,AT4G03450.1,AT1G11080.2,AT5G13220.1,,,,AT5G14180.1,
,AT1G53470.1,AT5G38910.1,AT4G25140.1,AT2G34020.1,,,AT3G53480.1,AT1G80160.1,AT5G13220.4,,,,AT5G38900.1,
,AT1G31050.1,AT1G53625.1,AT1G28640.1,AT2G07701.1,,,AT5G48400.1,AT1G80160.2,,,,,AT1G15380.1,
,AT3G24300.1,ATCG00890.1,AT5G06870.1,AT2G07702.1,,,AT3G22800.1,AT5G12020.1,,,,,AT1G15380.2,
,AT3G24210.1,AT1G21550.1,AT3G45990.1,AT2G07703.1,,,AT5G54610.1,AT2G07560.1,,,,,AT3G59930.1,
,AT2G45430.1,AT3G61500.2,AT5G66220.1,AT2G07705.1,,,AT3G15536.1,AT4G20450.1,,,,,AT1G02920.1,
,AT4G37160.1,AT1G75750.2,AT5G09360.1,AT2G07793.1,,,AT1G79680.1,AT5G24770.1,,,,,ATMG01040.1,
,AT2G18980.1,AT1G55790.1,AT5G09560.1,AT2G07794.1,,,AT5G44610.1,AT5G24770.2,,,,,AT1G47400.1,
,AT5G40730.1,AT1G75750.1,AT5G39580.1,AT1G74500.1,,,ATMG00980.1,AT1G51420.1,,,,,AT3G45860.1,
,AT1G80240.1,AT1G50735.1,AT5G39580.2,AT2G23540.1,,,AT3G63380.1,AT2G45135.2,,,,,AT3G18250.1,
,AT5G47980.1,AT3G43850.1,AT1G32840.1,AT1G73300.1,,,AT1G18980.1,AT2G07630.1,,,,,AT4G14630.1,
,AT4G15330.1,AT1G05880.2,AT2G01422.2,AT1G15210.1,,,AT5G10760.1,AT5G55420.1,,,,,AT1G47395.1,
,AT5G24100.1,AT1G30900.1,AT1G54870.1,AT1G12560.1,,,AT5G13320.1,AT5G06570.1,,,,,AT2G19190.1,
,AT5G23220.1,AT4G09770.1,AT2G01422.1,AT3G25930.1,,,AT3G48650.1,AT1G13607.1,,,,,AT5G05250.1,
,AT2G29750.1,AT4G09770.2,AT5G54070.1,AT2G38380.1,,,AT2G18660.1,AT5G03545.1,,,,,ATMG01100.1,
,AT3G59370.1,AT1G76930.2,AT1G48220.1,AT5G66690.1,,,AT2G29100.1,AT5G44430.1,,,,,AT5G48400.2,
,AT3G47210.1,AT1G77640.1,AT1G02340.1,AT1G74460.1,,,AT2G44240.1,AT2G07620.1,,,,,AT5G19880.1,
,AT3G14940.1,AT1G76930.1,AT5G18010.1,AT1G18020.1,,,AT1G62440.1,AT5G24110.1,,,,,AT4G16590.1,
,AT1G77330.1,AT1G67265.1,AT4G18900.1,AT2G16980.1,,,AT4G04490.1,ATMG00240.1,,,,,ATMG00860.1,
,AT1G18140.1,AT3G02240.1,AT4G22880.1,AT3G31910.1,,,AT5G03350.1,AT5G44420.1,,,,,AT2G45130.1,
,AT1G61590.1,AT3G26440.2,AT4G22880.2,AT3G48340.1,,,AT5G19470.1,ATMG00270.1,,,,,ATMG01260.1,
,AT3G54770.1,AT3G26440.1,AT3G57510.1,AT4G22810.1,,,AT5G19470.2,ATMG00230.1,,,,,ATMG01210.1,
,AT2G15370.1,AT3G21500.2,AT1G66100.1,AT5G58860.1,,,AT1G26420.1,ATMG00250.1,,,,,AT3G56970.1,
,AT1G53830.1,AT5G01550.1,AT1G07540.1,AT4G37950.1,,,AT5G44380.1,AT3G25780.1,,,,,AT3G49580.1,
,AT3G54770.2,AT3G57380.1,AT3G44510.1,AT4G15340.1,,,AT3G57240.1,ATMG00220.1,,,,,AT2G29460.1,
,AT2G21045.1,AT1G16150.1,AT3G44510.2,AT3G45700.1,,,AT1G32960.1,AT5G53450.2,,,,,AT3G49580.2,
,AT5G45200.1,AT4G20110.1,AT5G54075.1,AT3G32980.1,,,AT1G35710.1,AT5G53450.1,,,,,AT2G32160.2,
,AT2G16980.2,AT4G20110.2,AT2G27880.1,AT5G62340.1,,,AT1G02930.2,AT3G48630.1,,,,,AT2G32160.1,
,AT1G71692.1,AT2G34940.1,AT2G23060.1,AT5G04970.1,,,AT1G02930.1,AT1G74670.1,,,,,AT2G32160.3,
,AT4G37410.1,AT3G26440.4,AT5G42645.1,AT5G57090.1,,,AT1G57630.1,AT5G61160.1,,,,,ATMG01000.1,
,AT3G04570.1,AT3G45130.1,AT1G21400.1,,,,AT3G56400.1,AT3G23550.1,,,,,AT5G05340.1,
,AT4G37409.1,AT2G33830.1,AT5G52000.1,,,,AT1G70170.1,AT5G65980.1,,,,,AT4G28420.2,
,AT2G32300.1,AT5G41310.1,AT2G19803.1,,,,AT4G04500.1,AT1G63650.1,,,,,ATMG00620.1,
,AT2G24980.1,AT2G33830.2,AT3G05450.1,,,,ATMG01030.1,AT2G11810.1,,,,,ATMG00600.1,
,AT5G56320.1,AT3G21500.1,AT3G19090.1,,,,AT2G40740.1,AT2G11810.2,,,,,ATMG00610.1,
,AT1G56680.1,AT1G35140.1,AT4G20970.1,,,,AT4G02520.1,AT1G63650.2,,,,,AT1G51890.1,
,AT4G22460.1,AT3G26440.3,AT3G27970.1,,,,AT5G24530.1,AT1G63650.3,,,,,AT1G51890.2,
,AT5G06640.1,AT5G42900.2,AT3G57520.1,,,,AT5G07650.1,AT5G09550.1,,,,,AT1G13520.1,
,AT4G26320.1,AT5G42900.3,AT3G57520.3,,,,AT2G32680.1,AT1G14250.1,,,,,AT4G28420.1,
,AT3G47200.2,AT5G42900.1,AT1G54020.1,,,,AT3G25882.1,AT1G56150.1,,,,,AT4G23140.1,
,AT3G47200.1,AT3G05720.1,AT1G54020.2,,,,AT5G44990.2,AT1G33320.1,,,,,AT4G23140.2,
,AT1G64590.1,AT4G25070.2,AT1G54020.3,,,,AT5G44990.1,AT1G66570.1,,,,,AT3G56980.1,
,AT3G45710.1,AT4G05020.2,AT3G57520.2,,,,AT5G44990.3,AT1G66570.2,,,,,AT2G28190.1,
,AT2G23050.1,AT4G05020.1,,,,,AT4G10500.1,AT1G66570.3,,,,,AT1G74190.1,
,AT1G19900.1,AT1G34390.1,,,,,AT5G42530.1,AT1G09500.3,,,,,AT2G43620.1,
,AT4G22214.1,AT4G25070.1,,,,,AT4G18360.1,ATMG00260.1,,,,,AT3G05400.1,
,AT5G06839.3,AT1G30730.1,,,,,AT3G48850.1,AT1G09500.2,,,,,AT1G68620.1,
,AT1G22440.1,AT5G67340.1,,,,,AT5G59670.1,AT1G28650.1,,,,,AT3G05400.2,
,AT3G45070.1,AT1G74590.1,,,,,AT3G61280.2,AT1G09500.1,,,,,AT4G23320.1,
,AT3G61270.1,AT3G45970.1,,,,,AT3G61280.1,AT1G35910.1,,,,,AT3G08860.1,
,AT2G39430.1,AT5G46950.1,,,,,AT4G18360.2,AT3G49620.1,,,,,AT1G67810.1,
,AT2G22590.1,AT1G18970.1,,,,,AT1G56120.1,AT3G14490.1,,,,,ATMG01020.1,
,AT5G06630.1,AT4G18430.1,,,,,AT1G47890.1,AT4G12440.2,,,,,AT1G12520.1,
,AT1G02810.1,AT5G15500.1,,,,,AT2G18690.1,AT2G47140.1,,,,,AT1G12520.3,
,AT4G11880.1,AT5G14230.1,,,,,AT2G18690.2,AT5G05600.1,,,,,AT1G12520.2,
,AT4G37940.1,AT4G03460.1,,,,,AT1G51810.1,AT1G58225.2,,,,,AT1G21310.1,
,AT2G18800.1,AT4G15417.1,,,,,AT2G40740.2,AT4G12440.1,,,,,AT1G35230.1,
,AT3G47220.1,AT2G46880.2,,,,,AT5G54040.1,AT2G28790.1,,,,,AT5G48850.1,
,AT5G63560.1,AT1G17020.1,,,,,AT1G51920.1,AT1G52030.1,,,,,AT4G25110.1,
,AT4G22666.1,ATMG00290.1,,,,,AT3G15720.1,AT1G52030.2,,,,,AT4G25110.2,
,AT2G27000.1,AT4G22100.1,,,,,AT3G15720.2,AT4G01080.1,,,,,AT5G04150.1,
,AT1G66470.1,AT2G16960.1,,,,,AT5G01490.1,,,,,,AT5G45380.1,
,AT4G23590.1,AT2G16960.2,,,,,AT4G23230.1,,,,,,ATMG01110.1,
,AT5G06839.1,AT4G16563.1,,,,,AT1G14550.1,,,,,,AT3G09922.1,
,AT5G06839.2,AT1G32940.1,,,,,AT5G15130.1,,,,,,AT5G38250.1,
,AT3G55230.1,AT5G15500.2,,,,,AT1G23730.1,,,,,,AT5G47330.1,
,AT4G22666.2,AT2G46880.1,,,,,AT1G69930.1,,,,,,AT1G73325.1,
,AT1G13300.1,AT1G51915.1,,,,,AT2G13810.1,,,,,,ATMG00680.1,
,AT3G49960.1,AT3G61721.1,,,,,AT1G75040.1,,,,,,AT4G30280.1,
,AT5G67400.1,AT3G61723.1,,,,,AT5G22570.1,,,,,,AT5G06570.2,
,AT5G45210.1,AT1G68450.1,,,,,AT1G57590.1,,,,,,AT5G42830.1,
,AT1G13420.1,AT1G17745.2,,,,,AT4G19970.1,,,,,,ATMG00330.1,
,AT1G51830.1,AT2G39200.1,,,,,AT1G66600.1,,,,,,ATMG00300.1,
,AT1G49860.1,AT1G17745.1,,,,,AT1G01680.1,,,,,,ATMG00310.1,
,AT4G12050.1,AT2G27660.1,,,,,AT2G40750.1,,,,,,ATMG00320.1,
,AT1G30750.1,AT1G17744.1,,,,,AT3G12502.1,,,,,,ATMG00360.1,
,AT5G24410.1,AT5G40010.1,,,,,AT1G33030.1,,,,,,ATMG00420.1,
,AT3G05890.1,AT2G39520.1,,,,,AT4G08555.1,,,,,,ATMG00440.1,
,AT2G22630.1,AT5G40780.1,,,,,AT3G53150.1,,,,,,ATMG00470.1,
,AT2G28670.1,AT5G40780.2,,,,,AT4G37370.1,,,,,,ATMG00340.1,
,AT3G20840.1,AT4G21120.1,,,,,AT4G18250.1,,,,,,ATMG00350.1,
,AT3G49760.1,AT1G45145.1,,,,,AT1G19610.1,,,,,,ATMG00430.1,
,AT4G31320.1,ATMG00380.1,,,,,AT3G46330.1,,,,,,ATMG00460.1,
,AT3G46700.1,AT5G24240.1,,,,,AT1G13750.1,,,,,,ATMG00410.1,
,AT2G22920.3,AT4G16260.1,,,,,AT5G60900.1,,,,,,ATMG00400.1,
,AT1G53480.1,AT1G34100.1,,,,,AT1G71390.1,,,,,,ATMG00390.1,
,AT4G37400.1,AT2G04100.1,,,,,AT4G37010.1,,,,,,ATMG00370.1,
,AT2G28671.1,AT2G18180.1,,,,,AT5G13080.1,,,,,,AT1G33950.1,
,AT2G47540.1,AT1G05680.1,,,,,AT3G23120.1,,,,,,AT1G61820.1,
,AT1G45015.1,AT2G32290.1,,,,,AT3G12500.1,,,,,,AT1G33950.2,
,AT5G14020.1,AT1G36640.1,,,,,ATCG00910.1,,,,,,AT4G15210.2,
,AT5G49270.1,AT1G75830.1,,,,,AT1G02450.1,,,,,,ATMG00450.1,
,AT5G26310.1,AT1G04600.1,,,,,ATMG00720.1,,,,,,AT4G15210.1,
,AT3G47710.1,AT4G13180.1,,,,,AT2G25440.1,,,,,,AT1G73010.1,
,AT5G42500.1,AT4G24980.1,,,,,AT1G65690.1,,,,,,AT3G13433.1,
,AT3G50300.1,AT2G07692.1,,,,,AT3G54150.1,,,,,,AT2G22860.1,
,AT5G52790.1,AT2G07691.1,,,,,AT4G37010.2,,,,,,AT5G24380.1,
,AT2G30210.1,ATCG00460.1,,,,,AT1G15640.1,,,,,,AT1G61820.3,
,AT2G32270.1,AT2G34300.2,,,,,ATCG00920.1,,,,,,AT4G23600.2,
,AT1G08430.1,AT2G17050.1,,,,,ATMG01050.1,,,,,,AT4G26260.1,
,AT5G20550.1,AT4G10860.1,,,,,AT3G23630.1,,,,,,AT4G26260.2,
,AT3G47790.1,AT2G34300.1,,,,,AT3G44870.1,,,,,,AT4G23600.3,
,AT4G15290.1,AT1G38065.1,,,,,AT3G13610.1,,,,,,AT4G23600.1,
,AT3G11550.1,AT4G36850.1,,,,,AT1G02520.1,,,,,,AT5G54060.1,
,AT2G47460.1,AT1G79450.1,,,,,AT5G48657.1,,,,,,AT5G07440.3,
,AT4G28940.1,AT1G79450.2,,,,,AT5G48657.2,,,,,,AT5G07440.1,
,AT3G62680.1,AT2G45570.1,,,,,AT2G38940.1,,,,,,AT5G07440.2,
,AT1G67110.1,AT3G59350.2,,,,,AT5G59310.1,,,,,,AT5G61320.1,
,AT2G17080.1,ATMG00810.1,,,,,AT3G13950.1,,,,,,,
,AT5G47950.1,AT3G55890.1,,,,,AT1G36622.1,,,,,,,
,AT3G62760.1,AT3G45330.1,,,,,AT2G34210.1,,,,,,,
,AT2G18370.1,AT1G18870.2,,,,,AT5G61550.1,,,,,,,
,AT1G14960.1,AT1G58320.1,,,,,AT1G73780.1,,,,,,,
,AT4G17800.1,AT4G36670.1,,,,,AT5G25260.1,,,,,,,
,AT3G50640.1,AT5G17320.1,,,,,AT3G12220.1,,,,,,,
,AT2G28670.2,AT4G25190.1,,,,,AT5G53990.1,,,,,,,
,AT5G38030.1,AT4G25190.2,,,,,AT5G45080.1,,,,,,,
,AT2G22920.1,AT1G29100.1,,,,,AT5G61550.2,,,,,,,
,AT2G22920.2,AT5G65600.1,,,,,AT2G47000.1,,,,,,,
,AT5G51780.1,AT1G77100.1,,,,,ATMG00970.1,,,,,,,
,AT3G22620.1,AT4G31000.1,,,,,AT3G61390.2,,,,,,,
,AT5G50300.1,AT4G37900.1,,,,,AT1G22150.1,,,,,,,
,AT1G59940.1,AT4G18990.1,,,,,AT1G73260.1,,,,,,,
,AT3G22570.1,AT3G59350.3,,,,,AT1G53990.1,,,,,,,
,AT1G48510.1,AT3G59350.1,,,,,AT1G05700.1,,,,,,,
,AT5G15180.1,AT1G44830.1,,,,,AT3G61390.1,,,,,,,
,AT1G59780.1,AT4G02280.1,,,,,ATCG00850.1,,,,,,,
,AT1G53940.1,AT2G14230.1,,,,,ATCG00880.1,,,,,,,
,AT2G20080.1,AT3G28740.1,,,,,AT2G47270.1,,,,,,,
,AT2G41480.1,AT3G61910.1,,,,,AT5G16170.1,,,,,,,
,AT2G16230.1,AT3G22080.1,,,,,AT5G52760.1,,,,,,,
,AT1G67030.1,AT4G30270.1,,,,,ATCG00905.1,,,,,,,
,AT5G13150.1,AT5G08240.1,,,,,AT5G36970.1,,,,,,,
,AT2G08986.1,AT4G37520.1,,,,,AT2G17740.1,,,,,,,
,AT3G57010.1,AT3G62170.1,,,,,ATCG00840.1,,,,,,,
,AT2G25810.1,AT4G31000.2,,,,,ATMG00710.1,,,,,,,
,AT2G16970.1,AT2G15960.1,,,,,AT2G45760.1,,,,,,,
,AT3G45840.1,AT5G36910.1,,,,,AT5G06740.1,,,,,,,
,AT1G30550.2,AT4G08040.1,,,,,ATCG00870.1,,,,,,,
,AT1G45015.2,AT3G05790.1,,,,,AT5G45000.1,,,,,,,
,AT4G25820.1,AT4G11655.1,,,,,ATCG00930.1,,,,,,,
,AT1G73280.1,AT4G37520.2,,,,,AT5G12880.1,,,,,,,
,AT2G02680.1,AT3G57160.1,,,,,AT3G28580.1,,,,,,,
,AT4G30670.1,AT1G18870.1,,,,,ATCG00830.1,,,,,,,
,AT5G57625.1,AT2G45245.1,,,,,AT5G11210.1,,,,,,,
,AT3G53980.2,AT2G34930.1,,,,,AT2G44380.1,,,,,,,
,AT4G19030.1,AT4G19810.1,,,,,AT2G37980.1,,,,,,,
,AT5G07190.1,AT5G55893.1,,,,,AT3G49570.1,,,,,,,
,AT2G29010.1,AT3G23380.1,,,,,AT1G47840.1,,,,,,,
,AT2G39040.1,AT2G03360.1,,,,,AT1G69720.1,,,,,,,
,AT4G21600.1,AT2G03360.2,,,,,AT1G69720.2,,,,,,,
,AT2G20080.2,AT1G30660.1,,,,,AT2G04460.1,,,,,,,
,AT1G61130.1,AT1G61080.1,,,,,AT5G41380.1,,,,,,,
,AT4G21340.1,AT5G62480.1,,,,,AT5G13740.1,,,,,,,
,AT3G53980.1,AT1G68280.1,,,,,AT5G64810.1,,,,,,,
,AT3G25790.1,AT1G02220.1,,,,,AT4G00700.1,,,,,,,
,AT1G44970.1,AT2G19500.1,,,,,AT4G34135.1,,,,,,,
,AT5G35580.1,AT4G03570.1,,,,,AT3G55150.1,,,,,,,
,AT4G26220.1,AT1G70920.1,,,,,AT1G09240.1,,,,,,,
,AT5G48070.1,ATMG00285.1,,,,,AT1G08090.1,,,,,,,
,AT4G11610.1,AT2G38544.1,,,,,AT3G26210.1,,,,,,,
,AT4G28890.1,AT3G03530.1,,,,,AT4G34135.2,,,,,,,
,AT4G35160.1,AT5G07700.1,,,,,AT1G36060.1,,,,,,,
,AT4G11190.1,AT2G44480.2,,,,,AT2G32830.1,,,,,,,
,AT4G28840.1,AT4G39250.1,,,,,ATCG00900.1,,,,,,,
,AT3G26330.1,AT4G21903.2,,,,,ATMG00990.1,,,,,,,
,AT2G48130.1,AT4G39950.1,,,,,AT1G67270.1,,,,,,,
,AT5G05960.1,AT1G17860.1,,,,,AT5G40590.1,,,,,,,
,AT1G48510.2,AT1G13530.1,,,,,AT2G26290.1,,,,,,,
,AT2G04800.2,AT4G27220.1,,,,,AT1G68150.1,,,,,,,
,AT5G07190.2,AT5G57560.1,,,,,AT1G18860.1,,,,,,,
,AT4G15160.1,AT5G62240.1,,,,,AT4G04990.1,,,,,,,
,AT4G01140.1,AT3G47780.1,,,,,ATMG00960.1,,,,,,,
,AT3G14260.1,AT2G36020.1,,,,,AT1G26400.1,,,,,,,
,AT3G07070.1,AT5G11220.1,,,,,AT1G47405.1,,,,,,,
,AT5G10720.1,AT1G12200.1,,,,,AT2G32660.1,,,,,,,
,AT1G62280.1,AT4G18940.1,,,,,AT4G04545.1,,,,,,,
,AT3G44326.1,AT3G62245.1,,,,,AT3G23510.1,,,,,,,
,AT3G06390.1,AT5G62480.2,,,,,AT4G21840.1,,,,,,,
,AT1G30840.1,AT3G29639.1,,,,,AT1G51800.1,,,,,,,
,AT1G03840.1,AT2G44480.1,,,,,AT5G45090.1,,,,,,,
,AT1G03840.2,AT5G41730.1,,,,,AT3G43670.1,,,,,,,
,AT1G56630.1,AT1G78000.2,,,,,ATMG00730.1,,,,,,,
,AT1G30840.2,AT3G25180.1,,,,,AT4G14450.1,,,,,,,
,AT1G77520.1,AT1G31290.1,,,,,AT5G62150.1,,,,,,,
,AT4G15160.2,AT2G36255.1,,,,,ATCG00860.1,,,,,,,
,AT4G08410.1,AT1G78000.1,,,,,AT1G67520.1,,,,,,,
,AT5G28080.1,ATMG00830.1,,,,,AT1G13480.1,,,,,,,
,AT5G28080.2,AT3G09960.1,,,,,AT5G46960.1,,,,,,,
,AT2G04500.1,AT2G19802.1,,,,,AT2G31020.1,,,,,,,
,AT5G02350.1,AT4G21903.1,,,,,AT5G57480.1,,,,,,,
,AT5G65790.1,AT1G68270.1,,,,,AT4G14130.1,,,,,,,
,AT2G45750.1,AT1G09560.1,,,,,AT4G02170.1,,,,,,,
,AT1G30870.1,AT3G09340.1,,,,,AT3G28220.1,,,,,,,
,AT2G18150.1,AT4G03640.1,,,,,ATMG01160.1,,,,,,,
,AT1G26970.1,AT3G51340.1,,,,,AT1G74360.1,,,,,,,
,AT5G54230.1,AT5G66053.1,,,,,AT1G73000.1,,,,,,,
,AT2G01880.1,AT1G24880.1,,,,,AT5G64120.1,,,,,,,
,AT4G25250.1,AT1G52940.1,,,,,AT3G20370.1,,,,,,,
,AT4G26010.1,AT4G05475.1,,,,,AT1G55790.2,,,,,,,
,AT2G35270.1,AT4G21370.1,,,,,AT2G42060.1,,,,,,,
,AT1G02900.1,AT3G48360.1,,,,,AT2G07826.1,,,,,,,
,AT1G52070.1,AT5G51000.1,,,,,AT5G50200.1,,,,,,,
,AT4G08400.1,,,,,,AT5G50200.2,,,,,,,
,AT1G69240.1,,,,,,AT5G50200.3,,,,,,,
,AT3G09940.2,,,,,,AT1G17170.1,,,,,,,
,AT5G65690.1,,,,,,AT3G54420.1,,,,,,,
,AT4G37700.1,,,,,,AT5G48430.1,,,,,,,
,AT5G65165.1,,,,,,AT1G20070.1,,,,,,,
,AT4G05200.1,,,,,,AT5G07450.1,,,,,,,
,AT4G23496.1,,,,,,AT5G53110.1,,,,,,,
,AT2G04800.1,,,,,,AT4G35170.1,,,,,,,
,AT3G09940.1,,,,,,AT5G26220.1,,,,,,,
,AT5G14150.1,,,,,,AT5G06730.1,,,,,,,
,AT3G21180.1,,,,,,,,,,,,,
,AT5G05500.1,,,,,,,,,,,,,
,AT5G22410.1,,,,,,,,,,,,,
,AT4G29270.1,,,,,,,,,,,,,
,AT2G14820.1,,,,,,,,,,,,,
,AT4G34600.1,,,,,,,,,,,,,
,AT4G22950.1,,,,,,,,,,,,,
,AT4G13620.1,,,,,,,,,,,,,
,AT5G60760.1,,,,,,,,,,,,,
,AT5G40510.1,,,,,,,,,,,,,
,AT5G10230.1,,,,,,,,,,,,,
,AT1G73270.1,,,,,,,,,,,,,
,AT4G40090.1,,,,,,,,,,,,,
,AT1G23760.1,,,,,,,,,,,,,
,AT5G57530.1,,,,,,,,,,,,,
,AT1G27140.1,,,,,,,,,,,,,
,AT1G14220.1,,,,,,,,,,,,,
,AT1G63450.1,,,,,,,,,,,,,
,AT1G76500.1,,,,,,,,,,,,,
,AT1G17285.1,,,,,,,,,,,,,
,AT4G10370.1,,,,,,,,,,,,,
,AT5G49080.1,,,,,,,,,,,,,
,AT3G29630.1,,,,,,,,,,,,,
,AT2G41660.1,,,,,,,,,,,,,
,AT1G44050.1,,,,,,,,,,,,,
,AT1G12160.1,,,,,,,,,,,,,
,AT4G20240.1,,,,,,,,,,,,,
,AT4G13290.1,,,,,,,,,,,,,
,AT3G12240.1,,,,,,,,,,,,,
,AT4G15396.1,,,,,,,,,,,,,
,AT5G38020.1,,,,,,,,,,,,,
,AT2G43610.1,,,,,,,,,,,,,
,AT2G28860.1,,,,,,,,,,,,,
,AT1G24430.1,,,,,,,,,,,,,
,AT3G27884.1,,,,,,,,,,,,,
,AT3G49845.1,,,,,,,,,,,,,
,AT4G22110.1,,,,,,,,,,,,,
,AT2G46850.1,,,,,,,,,,,,,
,AT4G22110.2,,,,,,,,,,,,,
,AT1G78090.1,,,,,,,,,,,,,
,AT1G30080.1,,,,,,,,,,,,,
,AT3G21770.1,,,,,,,,,,,,,
,AT1G44608.1,,,,,,,,,,,,,
,AT4G31910.1,,,,,,,,,,,,,
,AT4G02270.1,,,,,,,,,,,,,
,AT5G37990.1,,,,,,,,,,,,,
,AT1G62980.1,,,,,,,,,,,,,
,AT2G04170.4,,,,,,,,,,,,,
,AT2G44110.1,,,,,,,,,,,,,
,AT1G50580.1,,,,,,,,,,,,,
,AT2G04170.2,,,,,,,,,,,,,
,AT2G04170.1,,,,,,,,,,,,,
,AT2G14100.1,,,,,,,,,,,,,
,AT1G43020.4,,,,,,,,,,,,,
,AT3G24020.1,,,,,,,,,,,,,
,AT3G12540.1,,,,,,,,,,,,,
,AT1G43020.2,,,,,,,,,,,,,
,AT3G50970.1,,,,,,,,,,,,,
,AT3G20380.1,,,,,,,,,,,,,
,AT1G64920.1,,,,,,,,,,,,,
,AT5G10130.1,,,,,,,,,,,,,
,AT2G04170.3,,,,,,,,,,,,,
,AT1G05660.1,,,,,,,,,,,,,
,AT2G17070.1,,,,,,,,,,,,,
,AT2G13910.1,,,,,,,,,,,,,
,AT5G48560.1,,,,,,,,,,,,,
,AT2G04680.1,,,,,,,,,,,,,
,AT3G20110.1,,,,,,,,,,,,,
,AT5G38280.1,,,,,,,,,,,,,
,AT5G14340.1,,,,,,,,,,,,,
,AT5G42510.1,,,,,,,,,,,,,
,AT2G23630.1,,,,,,,,,,,,,
,AT2G04070.1,,,,,,,,,,,,,
,AT4G30460.1,,,,,,,,,,,,,
,AT3G13435.1,,,,,,,,,,,,,
,AT1G60680.1,,,,,,,,,,,,,
,AT1G76790.1,,,,,,,,,,,,,
,AT2G37440.1,,,,,,,,,,,,,
,AT5G01330.1,,,,,,,,,,,,,
,AT2G39370.1,,,,,,,,,,,,,
,AT3G23175.1,,,,,,,,,,,,,
,AT4G22230.1,,,,,,,,,,,,,
,AT4G22230.2,,,,,,,,,,,,,
,AT5G17430.1,,,,,,,,,,,,,
,AT4G23690.1,,,,,,,,,,,,,
,AT3G16390.1,,,,,,,,,,,,,
,AT1G55430.1,,,,,,,,,,,,,
,AT4G13235.1,,,,,,,,,,,,,
,AT2G22930.1,,,,,,,,,,,,,
,AT1G72200.1,,,,,,,,,,,,,
,AT5G66870.1,,,,,,,,,,,,,
,AT1G55990.1,,,,,,,,,,,,,
,AT4G05100.1,,,,,,,,,,,,,
,AT2G40113.1,,,,,,,,,,,,,
,AT2G44110.2,,,,,,,,,,,,,
,AT1G43020.1,,,,,,,,,,,,,
,AT1G43020.3,,,,,,,,,,,,,
,AT5G02360.1,,,,,,,,,,,,,
,AT2G30340.1,,,,,,,,,,,,,
,AT2G37440.2,,,,,,,,,,,,,
,AT1G15460.1,,,,,,,,,,,,,
,AT2G24610.1,,,,,,,,,,,,,
,AT5G25810.1,,,,,,,,,,,,,
,AT5G03570.2,,,,,,,,,,,,,
,AT2G27550.1,,,,,,,,,,,,,
,AT4G03610.1,,,,,,,,,,,,,
,AT5G03570.1,,,,,,,,,,,,,
,AT3G30350.1,,,,,,,,,,,,,
,AT3G21710.2,,,,,,,,,,,,,
,AT1G73160.1,,,,,,,,,,,,,
,AT5G07990.1,,,,,,,,,,,,,
,AT1G68880.1,,,,,,,,,,,,,
,AT4G00080.1,,,,,,,,,,,,,
,AT2G22470.1,,,,,,,,,,,,,
,AT1G14080.1,,,,,,,,,,,,,
,AT5G43780.1,,,,,,,,,,,,,
,AT5G53290.1,,,,,,,,,,,,,
,AT2G04170.5,,,,,,,,,,,,,
,AT2G28970.1,,,,,,,,,,,,,
,AT5G10278.2,,,,,,,,,,,,,
,AT5G24880.1,,,,,,,,,,,,,
,AT1G61840.1,,,,,,,,,,,,,
,AT2G04025.1,,,,,,,,,,,,,
,AT1G17190.1,,,,,,,,,,,,,
,AT3G30350.2,,,,,,,,,,,,,
,AT1G30760.1,,,,,,,,,,,,,
,AT5G56080.1,,,,,,,,,,,,,
,AT2G26420.1,,,,,,,,,,,,,
,AT3G23430.1,,,,,,,,,,,,,
,AT3G44550.1,,,,,,,,,,,,,
,AT2G25150.1,,,,,,,,,,,,,
,AT3G01513.1,,,,,,,,,,,,,
,AT1G73330.1,,,,,,,,,,,,,
,AT1G34040.1,,,,,,,,,,,,,
,AT3G21710.1,,,,,,,,,,,,,
,AT2G35000.1,,,,,,,,,,,,,
,AT4G22610.1,,,,,,,,,,,,,
,AT1G23160.1,,,,,,,,,,,,,
,AT4G03610.2,,,,,,,,,,,,,
,AT2G02630.1,,,,,,,,,,,,,
,AT4G36430.1,,,,,,,,,,,,,
,AT5G51490.1,,,,,,,,,,,,,
,AT4G29180.2,,,,,,,,,,,,,
,AT5G44550.1,,,,,,,,,,,,,
,AT4G15380.1,,,,,,,,,,,,,
,AT5G66985.1,,,,,,,,,,,,,
,AT4G14060.1,,,,,,,,,,,,,
,AT2G18450.1,,,,,,,,,,,,,
,AT4G15400.1,,,,,,,,,,,,,
,AT5G40320.1,,,,,,,,,,,,,
,AT5G09978.1,,,,,,,,,,,,,
,AT2G30130.1,,,,,,,,,,,,,
,AT4G13660.1,,,,,,,,,,,,,
,AT4G29180.1,,,,,,,,,,,,,
,AT3G21510.1,,,,,,,,,,,,,
,AT5G22890.1,,,,,,,,,,,,,
,AT3G47770.1,,,,,,,,,,,,,
,AT1G12950.1,,,,,,,,,,,,,
,AT1G54660.1,,,,,,,,,,,,,
,AT5G59930.1,,,,,,,,,,,,,
,AT1G47480.1,,,,,,,,,,,,,
,AT4G15960.1,,,,,,,,,,,,,
,AT2G18196.1,,,,,,,,,,,,,
,AT4G14695.1,,,,,,,,,,,,,
,AT4G31100.1,,,,,,,,,,,,,
,AT2G28990.1,,,,,,,,,,,,,
,AT2G20515.1,,,,,,,,,,,,,
,AT4G23510.1,,,,,,,,,,,,,
,AT3G32040.1,,,,,,,,,,,,,
,AT3G13760.1,,,,,,,,,,,,,
,AT4G18610.1,,,,,,,,,,,,,
,AT2G20750.1,,,,,,,,,,,,,
,AT2G23030.1,,,,,,,,,,,,,
,AT1G72125.1,,,,,,,,,,,,,
,AT5G65530.1,,,,,,,,,,,,,
,AT2G16570.1,,,,,,,,,,,,,
,AT4G14695.2,,,,,,,,,,,,,
,AT5G28960.1,,,,,,,,,,,,,
,AT1G33800.1,,,,,,,,,,,,,
,AT1G12740.2,,,,,,,,,,,,,
,AT3G43190.1,,,,,,,,,,,,,
,AT1G12740.1,,,,,,,,,,,,,
,AT5G59490.1,,,,,,,,,,,,,
,AT3G05920.1,,,,,,,,,,,,,
,AT1G26700.1,,,,,,,,,,,,,
,AT5G65800.1,,,,,,,,,,,,,
,AT4G35380.1,,,,,,,,,,,,,
,AT2G42660.1,,,,,,,,,,,,,
,AT4G09990.1,,,,,,,,,,,,,
,AT5G10280.1,,,,,,,,,,,,,
,AT1G24420.1,,,,,,,,,,,,,
,AT1G48690.1,,,,,,,,,,,,,
,AT5G24900.1,,,,,,,,,,,,,
,AT5G38700.1,,,,,,,,,,,,,
,AT1G05280.1,,,,,,,,,,,,,
,AT1G63410.1,,,,,,,,,,,,,
,AT2G14510.1,,,,,,,,,,,,,
,AT5G10210.1,,,,,,,,,,,,,
,AT5G38970.1,,,,,,,,,,,,,
,AT5G38970.3,,,,,,,,,,,,,
,AT5G06800.1,,,,,,,,,,,,,
,AT2G34910.1,,,,,,,,,,,,,
,AT5G11570.1,,,,,,,,,,,,,
,AT3G02620.1,,,,,,,,,,,,,
,AT5G38970.2,,,,,,,,,,,,,
,AT5G10278.1,,,,,,,,,,,,,
,AT2G27010.1,,,,,,,,,,,,,
,AT5G42785.1,,,,,,,,,,,,,
,AT5G59510.1,,,,,,,,,,,,,
,AT4G35030.3,,,,,,,,,,,,,
,AT1G01190.1,,,,,,,,,,,,,
,AT5G06800.2,,,,,,,,,,,,,
,AT2G48140.2,,,,,,,,,,,,,
,AT2G48140.1,,,,,,,,,,,,,
,AT2G31085.1,,,,,,,,,,,,,
,AT2G01900.1,,,,,,,,,,,,,
,AT3G50130.1,,,,,,,,,,,,,
,AT3G11385.1,,,,,,,,,,,,,
,AT1G61050.1,,,,,,,,,,,,,
,AT5G43180.1,,,,,,,,,,,,,
,AT4G35030.1,,,,,,,,,,,,,
,AT5G15265.1,,,,,,,,,,,,,
,AT4G33610.1,,,,,,,,,,,,,
,AT3G01220.1,,,,,,,,,,,,,
,AT5G50640.1,,,,,,,,,,,,,
,AT4G35030.2,,,,,,,,,,,,,
,AT1G29280.1,,,,,,,,,,,,,
,AT2G41970.1,,,,,,,,,,,,,
,AT5G62310.1,,,,,,,,,,,,,
,AT4G37340.1,,,,,,,,,,,,,
,AT4G11780.1,,,,,,,,,,,,,
,AT1G78520.1,,,,,,,,,,,,,
,AT3G29780.1,,,,,,,,,,,,,
,AT5G57620.1,,,,,,,,,,,,,
,AT5G03840.1,,,,,,,,,,,,,
,AT5G62330.1,,,,,,,,,,,,,
,AT1G14240.4,,,,,,,,,,,,,
,AT3G30875.1,,,,,,,,,,,,,
,AT4G38080.1,,,,,,,,,,,,,
,AT1G35270.1,,,,,,,,,,,,,
,AT1G66020.1,,,,,,,,,,,,,
,AT5G57540.1,,,,,,,,,,,,,
,AT3G16340.1,,,,,,,,,,,,,
,AT2G16760.1,,,,,,,,,,,,,
,AT1G11580.1,,,,,,,,,,,,,
,AT1G70460.1,,,,,,,,,,,,,
,AT3G16340.2,,,,,,,,,,,,,
,AT2G46740.1,,,,,,,,,,,,,
,AT5G36140.1,,,,,,,,,,,,,
,AT5G38550.1,,,,,,,,,,,,,
,AT2G21840.1,,,,,,,,,,,,,
,AT5G44350.1,,,,,,,,,,,,,
,AT5G41040.2,,,,,,,,,,,,,
,AT5G25160.1,,,,,,,,,,,,,
,AT4G21850.1,,,,,,,,,,,,,
,AT1G22065.1,,,,,,,,,,,,,
,AT4G10380.1,,,,,,,,,,,,,
,AT2G29330.1,,,,,,,,,,,,,
,AT5G24140.1,,,,,,,,,,,,,
,AT5G24910.1,,,,,,,,,,,,,
,AT1G27740.1,,,,,,,,,,,,,
,AT3G09925.1,,,,,,,,,,,,,
,AT5G38450.1,,,,,,,,,,,,,
,AT5G41040.1,,,,,,,,,,,,,
,AT4G30420.1,,,,,,,,,,,,,
,AT4G01970.1,,,,,,,,,,,,,
,AT4G11050.1,,,,,,,,,,,,,
,AT2G36120.1,,,,,,,,,,,,,
,AT5G05965.1,,,,,,,,,,,,,
,AT1G14240.1,,,,,,,,,,,,,
,AT1G14240.2,,,,,,,,,,,,,
,AT5G43540.1,,,,,,,,,,,,,
,AT1G14240.3,,,,,,,,,,,,,
,AT1G33090.1,,,,,,,,,,,,,
,AT5G58910.1,,,,,,,,,,,,,
,AT5G14330.1,,,,,,,,,,,,,
,AT3G62270.1,,,,,,,,,,,,,
,AT4G06744.1,,,,,,,,,,,,,
,AT5G05900.1,,,,,,,,,,,,,
,AT4G14980.1,,,,,,,,,,,,,
,AT3G59340.1,,,,,,,,,,,,,
,AT5G15960.1,,,,,,,,,,,,,
,AT4G25400.1,,,,,,,,,,,,,
,AT2G31083.1,,,,,,,,,,,,,
,AT5G15725.1,,,,,,,,,,,,,
,AT4G01925.1,,,,,,,,,,,,,
,AT3G01516.1,,,,,,,,,,,,,
,AT2G38060.1,,,,,,,,,,,,,
,AT4G33880.1,,,,,,,,,,,,,
,AT4G08570.1,,,,,,,,,,,,,
,AT5G38350.1,,,,,,,,,,,,,
,AT4G21850.2,,,,,,,,,,,,,
,AT1G62320.1,,,,,,,,,,,,,
,AT3G10910.1,,,,,,,,,,,,,
,AT3G10912.1,,,,,,,,,,,,,
,AT2G14960.1,,,,,,,,,,,,,
,AT1G64110.1,,,,,,,,,,,,,
,AT1G64110.2,,,,,,,,,,,,,
,AT1G22230.1,,,,,,,,,,,,,
,AT2G17295.1,,,,,,,,,,,,,
,AT5G25830.1,,,,,,,,,,,,,
,AT4G19720.1,,,,,,,,,,,,,
,AT5G01050.1,,,,,,,,,,,,,
,AT1G55740.1,,,,,,,,,,,,,
,AT1G64910.1,,,,,,,,,,,,,
,AT1G35250.1,,,,,,,,,,,,,
,AT1G13620.1,,,,,,,,,,,,,
,AT5G54370.1,,,,,,,,,,,,,
,AT1G31950.1,,,,,,,,,,,,,
,AT5G12270.1,,,,,,,,,,,,,
,AT1G64110.3,,,,,,,,,,,,,
,AT2G07981.1,,,,,,,,,,,,,
,AT3G43890.1,,,,,,,,,,,,,
,AT1G33670.1,,,,,,,,,,,,,
,AT1G43140.1,,,,,,,,,,,,,
,AT3G51350.1,,,,,,,,,,,,,
,AT3G05150.1,,,,,,,,,,,,,
,AT2G29130.1,,,,,,,,,,,,,
,AT1G55240.1,,,,,,,,,,,,,
,AT4G32860.1,,,,,,,,,,,,,
,AT1G75620.1,,,,,,,,,,,,,
,AT2G01818.1,,,,,,,,,,,,,
,AT2G47360.1,,,,,,,,,,,,,
,AT3G48940.1,,,,,,,,,,,,,
,AT3G62040.1,,,,,,,,,,,,,
,AT2G23910.1,,,,,,,,,,,,,
,AT3G20590.1,,,,,,,,,,,,,
,AT5G42630.1,,,,,,,,,,,,,
,AT2G40370.1,,,,,,,,,,,,,
,AT1G12080.1,,,,,,,,,,,,,
,AT1G12080.2,,,,,,,,,,,,,
,AT3G29430.1,,,,,,,,,,,,,
,AT2G44450.1,,,,,,,,,,,,,
,AT4G01350.1,,,,,,,,,,,,,
,AT5G44417.1,,,,,,,,,,,,,
,AT4G35200.1,,,,,,,,,,,,,
,AT3G45960.1,,,,,,,,,,,,,
,AT2G02690.1,,,,,,,,,,,,,
,AT3G48400.1,,,,,,,,,,,,,
,AT1G71740.1,,,,,,,,,,,,,
,AT1G09540.1,,,,,,,,,,,,,
,AT5G13910.1,,,,,,,,,,,,,
,AT1G06120.1,,,,,,,,,,,,,
,AT1G34330.1,,,,,,,,,,,,,
,AT3G46400.1,,,,,,,,,,,,,
,AT4G31110.1,,,,,,,,,,,,,
,AT4G12080.1,,,,,,,,,,,,,
,AT5G23190.1,,,,,,,,,,,,,
,AT5G50010.1,,,,,,,,,,,,,
,AT5G50011.1,,,,,,,,,,,,,
,AT5G50012.1,,,,,,,,,,,,,
,AT3G45960.2,,,,,,,,,,,,,
,AT2G35150.1,,,,,,,,,,,,,
,AT2G39110.1,,,,,,,,,,,,,
,AT5G67620.1,,,,,,,,,,,,,
,AT4G24310.1,,,,,,,,,,,,,
,AT3G60330.1,,,,,,,,,,,,,
,AT1G04610.1,,,,,,,,,,,,,
,AT1G04180.1,,,,,,,,,,,,,
,AT4G14400.1,,,,,,,,,,,,,
,AT2G03370.1,,,,,,,,,,,,,
,AT4G26770.1,,,,,,,,,,,,,
,AT4G14400.3,,,,,,,,,,,,,
,AT5G41315.1,,,,,,,,,,,,,
,AT4G17220.1,,,,,,,,,,,,,
,AT5G36110.1,,,,,,,,,,,,,
,AT5G60520.1,,,,,,,,,,,,,
,AT4G14400.2,,,,,,,,,,,,,
,AT1G66440.1,,,,,,,,,,,,,
,AT2G03830.1,,,,,,,,,,,,,
,AT3G58190.1,,,,,,,,,,,,,
,AT5G65160.1,,,,,,,,,,,,,
,AT5G09980.1,,,,,,,,,,,,,
,AT3G60330.2,,,,,,,,,,,,,
,AT5G45920.1,,,,,,,,,,,,,
,AT3G46720.1,,,,,,,,,,,,,
,AT3G49690.1,,,,,,,,,,,,,
,AT5G07475.1,,,,,,,,,,,,,
,AT1G60390.1,,,,,,,,,,,,,
,AT3G23190.1,,,,,,,,,,,,,
,AT3G18200.1,,,,,,,,,,,,,
,AT3G18200.2,,,,,,,,,,,,,
,AT4G30290.1,,,,,,,,,,,,,
,AT1G75780.1,,,,,,,,,,,,,
,AT1G73580.1,,,,,,,,,,,,,
,AT2G34350.1,,,,,,,,,,,,,
,AT1G51190.1,,,,,,,,,,,,,
,AT2G42430.1,,,,,,,,,,,,,
,AT4G12270.1,,,,,,,,,,,,,
,AT3G46270.1,,,,,,,,,,,,,
,AT1G11185.1,,,,,,,,,,,,,
,AT3G62280.1,,,,,,,,,,,,,
,AT5G52020.1,,,,,,,,,,,,,
,AT5G58010.1,,,,,,,,,,,,,
,AT4G01240.1,,,,,,,,,,,,,
,AT3G26460.1,,,,,,,,,,,,,
,AT1G48500.3,,,,,,,,,,,,,
,AT4G10640.1,,,,,,,,,,,,,
,AT2G31310.1,,,,,,,,,,,,,
,AT2G02610.1,,,,,,,,,,,,,
,AT5G18560.1,,,,,,,,,,,,,
,AT5G09480.1,,,,,,,,,,,,,
,AT1G54540.1,,,,,,,,,,,,,
,AT1G14730.1,,,,,,,,,,,,,
,AT3G11430.1,,,,,,,,,,,,,
,AT4G17280.1,,,,,,,,,,,,,
,AT4G02830.1,,,,,,,,,,,,,
,AT2G18190.1,,,,,,,,,,,,,
,AT4G02830.2,,,,,,,,,,,,,
,AT2G40900.1,,,,,,,,,,,,,
,AT1G67150.1,,,,,,,,,,,,,
,AT1G67150.2,,,,,,,,,,,,,
,AT5G20790.2,,,,,,,,,,,,,
,AT5G58750.1,,,,,,,,,,,,,
,AT2G37130.2,,,,,,,,,,,,,
,AT5G22355.1,,,,,,,,,,,,,
,AT5G05640.1,,,,,,,,,,,,,
,AT5G49870.1,,,,,,,,,,,,,
,AT1G24147.1,,,,,,,,,,,,,
,AT2G03200.1,,,,,,,,,,,,,
,AT2G37130.1,,,,,,,,,,,,,
,AT2G17590.1,,,,,,,,,,,,,
,AT1G67150.3,,,,,,,,,,,,,
,AT5G42630.2,,,,,,,,,,,,,
,AT4G19680.2,,,,,,,,,,,,,
,AT5G01870.1,,,,,,,,,,,,,
,AT2G04480.1,,,,,,,,,,,,,
,AT2G02120.1,,,,,,,,,,,,,
,AT5G66815.1,,,,,,,,,,,,,
,AT3G03650.1,,,,,,,,,,,,,
,AT1G48930.1,,,,,,,,,,,,,
,AT1G70990.1,,,,,,,,,,,,,
,AT4G29930.3,,,,,,,,,,,,,
,AT4G13130.1,,,,,,,,,,,,,
,AT3G56710.1,,,,,,,,,,,,,
,AT5G48100.1,,,,,,,,,,,,,
,AT4G22235.2,,,,,,,,,,,,,
,AT1G35330.1,,,,,,,,,,,,,
,AT4G14780.1,,,,,,,,,,,,,
,AT5G13900.1,,,,,,,,,,,,,
,AT1G80340.1,,,,,,,,,,,,,
,AT4G35390.1,,,,,,,,,,,,,
,AT3G56230.1,,,,,,,,,,,,,
,AT4G30450.1,,,,,,,,,,,,,
,AT4G01770.1,,,,,,,,,,,,,
,AT5G65210.4,,,,,,,,,,,,,
,AT3G59730.1,,,,,,,,,,,,,
,AT5G13580.1,,,,,,,,,,,,,
,AT1G02230.1,,,,,,,,,,,,,
,AT4G22080.1,,,,,,,,,,,,,
,AT4G28850.1,,,,,,,,,,,,,
,AT4G02090.1,,,,,,,,,,,,,
,AT1G17990.1,,,,,,,,,,,,,
,AT1G10480.1,,,,,,,,,,,,,
,AT4G37850.1,,,,,,,,,,,,,
,AT1G72230.1,,,,,,,,,,,,,
,AT4G29930.1,,,,,,,,,,,,,
,AT4G29930.2,,,,,,,,,,,,,
,AT4G19680.1,,,,,,,,,,,,,
,AT4G22235.1,,,,,,,,,,,,,
,AT3G50150.1,,,,,,,,,,,,,
,AT4G13390.1,,,,,,,,,,,,,
,AT1G29180.1,,,,,,,,,,,,,
,AT4G29930.4,,,,,,,,,,,,,
,AT5G65210.1,,,,,,,,,,,,,
,AT5G12970.1,,,,,,,,,,,,,
,AT4G11230.1,,,,,,,,,,,,,
,AT5G65210.5,,,,,,,,,,,,,
,AT3G04320.1,,,,,,,,,,,,,
,AT1G13970.1,,,,,,,,,,,,,
,AT3G02850.1,,,,,,,,,,,,,
,AT5G65210.6,,,,,,,,,,,,,
,AT4G33790.1,,,,,,,,,,,,,
,AT2G18550.1,,,,,,,,,,,,,
,AT4G18510.1,,,,,,,,,,,,,
,AT3G11370.1,,,,,,,,,,,,,
,AT2G24300.1,,,,,,,,,,,,,
,AT1G33730.1,,,,,,,,,,,,,
,AT2G24300.2,,,,,,,,,,,,,
,AT3G22250.1,,,,,,,,,,,,,
,AT5G44700.1,,,,,,,,,,,,,
,AT5G65210.3,,,,,,,,,,,,,
,AT3G12090.1,,,,,,,,,,,,,
,AT4G36610.1,,,,,,,,,,,,,
,AT2G42570.1,,,,,,,,,,,,,
,AT3G19320.1,,,,,,,,,,,,,
,AT2G04090.1,,,,,,,,,,,,,
,AT1G29179.1,,,,,,,,,,,,,
,AT1G15540.1,,,,,,,,,,,,,
,AT5G55650.1,,,,,,,,,,,,,
,AT1G77885.1,,,,,,,,,,,,,
,AT1G79530.1,,,,,,,,,,,,,
,AT5G20790.1,,,,,,,,,,,,,
,AT1G79580.1,,,,,,,,,,,,,
,AT1G17990.2,,,,,,,,,,,,,
,AT2G37280.1,,,,,,,,,,,,,
,AT3G61400.1,,,,,,,,,,,,,
,AT1G62660.1,,,,,,,,,,,,,
,AT1G80100.1,,,,,,,,,,,,,
,AT5G43030.1,,,,,,,,,,,,,
,AT1G73805.1,,,,,,,,,,,,,
,AT3G23010.1,,,,,,,,,,,,,
,AT1G54940.1,,,,,,,,,,,,,
,AT1G48500.1,,,,,,,,,,,,,
,AT5G65210.2,,,,,,,,,,,,,
,AT1G78860.1,,,,,,,,,,,,,
,AT5G63590.1,,,,,,,,,,,,,
,AT5G35110.1,,,,,,,,,,,,,
,AT5G19097.1,,,,,,,,,,,,,
,AT4G13280.1,,,,,,,,,,,,,
,AT5G38344.1,,,,,,,,,,,,,
,AT2G15040.1,,,,,,,,,,,,,
,AT2G14560.2,,,,,,,,,,,,,
,AT1G63600.1,,,,,,,,,,,,,
,AT2G14560.1,,,,,,,,,,,,,
,AT3G55720.1,,,,,,,,,,,,,
,AT5G17810.1,,,,,,,,,,,,,
,AT5G17810.2,,,,,,,,,,,,,
,AT1G48670.1,,,,,,,,,,,,,
,AT4G17785.1,,,,,,,,,,,,,
,AT3G13650.1,,,,,,,,,,,,,
,AT3G44705.1,,,,,,,,,,,,,
,AT5G51870.3,,,,,,,,,,,,,
,AT1G72490.1,,,,,,,,,,,,,
,AT1G79580.2,,,,,,,,,,,,,
,AT1G05530.1,,,,,,,,,,,,,
,AT1G21250.1,,,,,,,,,,,,,
,AT3G45080.1,,,,,,,,,,,,,
,AT1G78120.1,,,,,,,,,,,,,
,AT2G37750.1,,,,,,,,,,,,,
,AT2G36890.1,,,,,,,,,,,,,
,AT1G74660.1,,,,,,,,,,,,,
,AT3G17600.1,,,,,,,,,,,,,
,AT1G48500.2,,,,,,,,,,,,,
,AT1G18290.1,,,,,,,,,,,,,
,AT3G27473.1,,,,,,,,,,,,,
,AT1G20900.1,,,,,,,,,,,,,
,AT2G34830.1,,,,,,,,,,,,,
,AT1G18880.1,,,,,,,,,,,,,
,AT3G46810.1,,,,,,,,,,,,,
,AT5G08250.1,,,,,,,,,,,,,
,AT1G08990.1,,,,,,,,,,,,,
,AT5G51500.1,,,,,,,,,,,,,
,AT2G03090.1,,,,,,,,,,,,,
,AT2G26560.1,,,,,,,,,,,,,
,AT5G19040.1,,,,,,,,,,,,,
,AT5G20470.1,,,,,,,,,,,,,
,AT5G10625.1,,,,,,,,,,,,,
,AT5G26730.1,,,,,,,,,,,,,
,AT3G20015.1,,,,,,,,,,,,,
,AT3G25655.1,,,,,,,,,,,,,
,AT5G17040.1,,,,,,,,,,,,,
,AT4G33070.1,,,,,,,,,,,,,
,AT2G31540.1,,,,,,,,,,,,,
,AT4G20320.2,,,,,,,,,,,,,
,AT1G77690.1,,,,,,,,,,,,,
,AT4G20320.1,,,,,,,,,,,,,
,AT3G60280.1,,,,,,,,,,,,,
,AT2G18620.1,,,,,,,,,,,,,
,AT5G07322.1,,,,,,,,,,,,,
,AT1G67148.1,,,,,,,,,,,,,
,AT5G43230.1,,,,,,,,,,,,,
,AT5G02090.1,,,,,,,,,,,,,
,AT3G28890.2,,,,,,,,,,,,,
,AT5G62260.1,,,,,,,,,,,,,
,AT1G79180.1,,,,,,,,,,,,,
,AT4G15230.1,,,,,,,,,,,,,
,AT1G33540.1,,,,,,,,,,,,,
,AT5G41755.1,,,,,,,,,,,,,
,AT5G59940.1,,,,,,,,,,,,,
,AT2G26370.1,,,,,,,,,,,,,
,AT3G15250.1,,,,,,,,,,,,,
,AT5G51870.1,,,,,,,,,,,,,
,AT2G47810.1,,,,,,,,,,,,,
,AT1G58410.1,,,,,,,,,,,,,
,AT4G08780.1,,,,,,,,,,,,,
,AT1G73620.1,,,,,,,,,,,,,
,AT5G40000.1,,,,,,,,,,,,,
,AT2G05180.1,,,,,,,,,,,,,
,AT5G06905.1,,,,,,,,,,,,,
,AT3G22400.1,,,,,,,,,,,,,
,AT3G62210.1,,,,,,,,,,,,,
,AT4G39675.1,,,,,,,,,,,,,
,AT1G78815.1,,,,,,,,,,,,,
,AT1G34670.1,,,,,,,,,,,,,
,AT2G46890.1,,,,,,,,,,,,,
,AT3G44710.1,,,,,,,,,,,,,
,AT1G44030.1,,,,,,,,,,,,,
,AT1G67760.1,,,,,,,,,,,,,
,AT5G37800.1,,,,,,,,,,,,,
,AT1G55420.1,,,,,,,,,,,,,
,AT1G80100.2,,,,,,,,,,,,,
,AT1G79310.1,,,,,,,,,,,,,
,AT5G52710.1,,,,,,,,,,,,,
,AT1G79580.3,,,,,,,,,,,,,
,AT1G16440.1,,,,,,,,,,,,,
,AT2G24130.1,,,,,,,,,,,,,
,AT5G50650.1,,,,,,,,,,,,,
,AT4G31470.1,,,,,,,,,,,,,
,AT4G01630.1,,,,,,,,,,,,,
,AT4G33800.1,,,,,,,,,,,,,
,AT4G33330.1,,,,,,,,,,,,,
,AT1G06310.1,,,,,,,,,,,,,
,AT3G07900.1,,,,,,,,,,,,,
,AT1G69810.1,,,,,,,,,,,,,
,AT4G33330.2,,,,,,,,,,,,,
,AT4G13310.1,,,,,,,,,,,,,
,AT2G02850.1,,,,,,,,,,,,,
,AT4G08620.1,,,,,,,,,,,,,
,AT5G36130.1,,,,,,,,,,,,,
,AT2G01430.1,,,,,,,,,,,,,
,AT2G44290.1,,,,,,,,,,,,,
,AT1G68850.1,,,,,,,,,,,,,
,AT2G04495.1,,,,,,,,,,,,,
,AT1G78390.1,,,,,,,,,,,,,
,AT5G54150.1,,,,,,,,,,,,,
,AT1G56430.1,,,,,,,,,,,,,
,AT5G19100.1,,,,,,,,,,,,,
,AT1G14185.1,,,,,,,,,,,,,
,AT2G43050.1,,,,,,,,,,,,,
,AT4G32780.1,,,,,,,,,,,,,
,AT5G63595.1,,,,,,,,,,,,,
,AT4G25090.1,,,,,,,,,,,,,
,AT3G13840.1,,,,,,,,,,,,,
,AT5G02580.1,,,,,,,,,,,,,
,AT3G14280.1,,,,,,,,,,,,,
,AT4G02290.1,,,,,,,,,,,,,
,AT5G01335.1,,,,,,,,,,,,,
,AT3G29575.3,,,,,,,,,,,,,
,AT1G04220.1,,,,,,,,,,,,,
,AT1G44800.1,,,,,,,,,,,,,
,AT2G31920.1,,,,,,,,,,,,,
,AT3G29575.4,,,,,,,,,,,,,
,AT3G24750.1,,,,,,,,,,,,,
,AT3G22235.1,,,,,,,,,,,,,
,AT1G03920.1,,,,,,,,,,,,,
,AT1G60095.1,,,,,,,,,,,,,
,AT5G24960.1,,,,,,,,,,,,,
,AT2G35770.1,,,,,,,,,,,,,
,AT5G37690.1,,,,,,,,,,,,,
,AT3G22235.2,,,,,,,,,,,,,
,AT4G18340.1,,,,,,,,,,,,,
,AT3G29575.1,,,,,,,,,,,,,
,AT1G30990.1,,,,,,,,,,,,,
,AT5G02000.1,,,,,,,,,,,,,
,AT1G07560.1,,,,,,,,,,,,,
,AT1G74140.1,,,,,,,,,,,,,
,AT1G74140.2,,,,,,,,,,,,,
,AT1G74140.3,,,,,,,,,,,,,
,AT1G74140.5,,,,,,,,,,,,,
,AT4G20390.1,,,,,,,,,,,,,
,AT4G33730.1,,,,,,,,,,,,,
,AT3G46500.1,,,,,,,,,,,,,
,AT5G59520.1,,,,,,,,,,,,,
,AT3G26760.1,,,,,,,,,,,,,
,AT5G41765.1,,,,,,,,,,,,,
,AT5G25640.1,,,,,,,,,,,,,
,AT4G13860.1,,,,,,,,,,,,,
,AT2G13820.1,,,,,,,,,,,,,
,AT2G19660.1,,,,,,,,,,,,,
,AT3G26130.1,,,,,,,,,,,,,
,AT5G57980.1,,,,,,,,,,,,,
,AT1G48750.1,,,,,,,,,,,,,
,AT1G09090.1,,,,,,,,,,,,,
,AT1G54970.1,,,,,,,,,,,,,
,AT3G25190.1,,,,,,,,,,,,,
,AT1G45020.1,,,,,,,,,,,,,
,AT3G24310.1,,,,,,,,,,,,,
,AT3G46800.1,,,,,,,,,,,,,
,AT1G59950.1,,,,,,,,,,,,,
,AT5G45580.1,,,,,,,,,,,,,
,AT4G14305.1,,,,,,,,,,,,,
,AT5G66280.1,,,,,,,,,,,,,
,AT3G16410.1,,,,,,,,,,,,,
,AT3G23090.1,,,,,,,,,,,,,
,AT3G23090.2,,,,,,,,,,,,,
,AT2G34610.1,,,,,,,,,,,,,
,AT3G13640.1,,,,,,,,,,,,,
,AT3G48450.1,,,,,,,,,,,,,
,AT1G07610.1,,,,,,,,,,,,,
,AT4G14305.2,,,,,,,,,,,,,
,AT4G00680.1,,,,,,,,,,,,,
,AT3G45530.1,,,,,,,,,,,,,
,AT4G20140.1,,,,,,,,,,,,,
,AT3G15357.1,,,,,,,,,,,,,
,AT5G51870.2,,,,,,,,,,,,,
,AT3G03500.1,,,,,,,,,,,,,
,AT1G65500.1,,,,,,,,,,,,,
,AT1G66950.1,,,,,,,,,,,,,
,AT4G20230.1,,,,,,,,,,,,,
,AT1G09090.2,,,,,,,,,,,,,
,AT4G31730.1,,,,,,,,,,,,,
,AT2G02010.1,,,,,,,,,,,,,
,AT4G25090.2,,,,,,,,,,,,,
,AT5G50120.1,,,,,,,,,,,,,
,AT3G10470.1,,,,,,,,,,,,,
,AT1G33960.1,,,,,,,,,,,,,
,AT5G02580.2,,,,,,,,,,,,,
,AT4G25240.1,,,,,,,,,,,,,
,AT5G22630.1,,,,,,,,,,,,,
,AT2G47860.3,,,,,,,,,,,,,
,AT1G76250.1,,,,,,,,,,,,,
,AT3G63470.1,,,,,,,,,,,,,
,AT2G29440.1,,,,,,,,,,,,,
,AT2G17500.1,,,,,,,,,,,,,
,AT2G17500.2,,,,,,,,,,,,,
,AT2G20800.1,,,,,,,,,,,,,
,AT2G40100.2,,,,,,,,,,,,,
,AT1G34510.1,,,,,,,,,,,,,
,AT4G13310.2,,,,,,,,,,,,,
,AT2G41780.2,,,,,,,,,,,,,
,AT1G07730.2,,,,,,,,,,,,,
,AT2G16750.1,,,,,,,,,,,,,
,AT5G60530.1,,,,,,,,,,,,,
,AT2G17500.3,,,,,,,,,,,,,
,AT3G50480.1,,,,,,,,,,,,,
,AT2G17500.4,,,,,,,,,,,,,
,AT5G09520.1,,,,,,,,,,,,,
,AT1G50560.1,,,,,,,,,,,,,
,AT4G19920.1,,,,,,,,,,,,,
,AT5G11440.1,,,,,,,,,,,,,
,AT1G26450.1,,,,,,,,,,,,,
,AT1G19630.1,,,,,,,,,,,,,
,AT2G19060.1,,,,,,,,,,,,,
,AT4G16600.1,,,,,,,,,,,,,
,AT1G28080.1,,,,,,,,,,,,,
,AT5G62210.1,,,,,,,,,,,,,
,AT5G27200.1,,,,,,,,,,,,,
,AT2G44010.1,,,,,,,,,,,,,
,AT1G74140.4,,,,,,,,,,,,,
,AT2G47860.2,,,,,,,,,,,,,
,AT5G42860.1,,,,,,,,,,,,,
,AT2G21020.1,,,,,,,,,,,,,
,AT1G12030.1,,,,,,,,,,,,,
,AT5G52260.1,,,,,,,,,,,,,
,AT5G21080.1,,,,,,,,,,,,,
,AT1G29020.1,,,,,,,,,,,,,
,AT3G46710.1,,,,,,,,,,,,,
,AT2G16580.1,,,,,,,,,,,,,
,AT5G22140.2,,,,,,,,,,,,,
,AT2G47860.1,,,,,,,,,,,,,
,AT1G43010.1,,,,,,,,,,,,,
,AT1G55700.1,,,,,,,,,,,,,
,AT5G22140.1,,,,,,,,,,,,,
,AT2G29060.1,,,,,,,,,,,,,
,AT1G50520.1,,,,,,,,,,,,,
,AT3G20710.1,,,,,,,,,,,,,
,AT3G47980.1,,,,,,,,,,,,,
,AT4G16220.1,,,,,,,,,,,,,
,AT1G74030.1,,,,,,,,,,,,,
,AT2G16385.1,,,,,,,,,,,,,
,AT4G37730.1,,,,,,,,,,,,,
,AT1G49450.1,,,,,,,,,,,,,
,AT4G25790.1,,,,,,,,,,,,,
,AT5G48290.1,,,,,,,,,,,,,
,AT2G18360.1,,,,,,,,,,,,,
,AT3G27150.1,,,,,,,,,,,,,
,AT5G06900.1,,,,,,,,,,,,,
,AT4G36740.1,,,,,,,,,,,,,
,AT1G27620.1,,,,,,,,,,,,,
,AT3G59720.1,,,,,,,,,,,,,
,AT4G14465.1,,,,,,,,,,,,,
,AT3G30720.1,,,,,,,,,,,,,
,AT5G02420.1,,,,,,,,,,,,,
,AT3G56360.1,,,,,,,,,,,,,
,AT3G16440.1,,,,,,,,,,,,,
,AT3G50400.1,,,,,,,,,,,,,
,AT1G58936.1,,,,,,,,,,,,,
,AT3G20950.1,,,,,,,,,,,,,
,AT2G13900.1,,,,,,,,,,,,,
,AT5G41590.1,,,,,,,,,,,,,
,AT1G35610.1,,,,,,,,,,,,,
,AT2G24070.1,,,,,,,,,,,,,
,AT5G06090.1,,,,,,,,,,,,,
,AT1G15630.1,,,,,,,,,,,,,
,AT2G41780.1,,,,,,,,,,,,,
,AT2G24165.1,,,,,,,,,,,,,
,AT3G59830.1,,,,,,,,,,,,,
,AT2G36290.1,,,,,,,,,,,,,
,AT5G08640.1,,,,,,,,,,,,,
,AT5G46060.1,,,,,,,,,,,,,
,AT2G13820.2,,,,,,,,,,,,,
,AT5G18840.1,,,,,,,,,,,,,
,AT5G20860.1,,,,,,,,,,,,,
,AT3G52790.1,,,,,,,,,,,,,
,AT2G15042.1,,,,,,,,,,,,,
,AT4G28110.1,,,,,,,,,,,,,
,AT5G59320.1,,,,,,,,,,,,,
,AT5G36270.1,,,,,,,,,,,,,
,AT2G22510.1,,,,,,,,,,,,,
,AT2G32280.1,,,,,,,,,,,,,
,AT1G07900.1,,,,,,,,,,,,,
,AT4G34880.1,,,,,,,,,,,,,
,AT5G08640.2,,,,,,,,,,,,,
,AT5G48290.2,,,,,,,,,,,,,
,AT3G21340.1,,,,,,,,,,,,,
,AT2G25510.1,,,,,,,,,,,,,
,AT2G25510.2,,,,,,,,,,,,,
,AT5G50760.1,,,,,,,,,,,,,
,AT5G11540.1,,,,,,,,,,,,,
,AT5G25250.1,,,,,,,,,,,,,
,AT1G67330.1,,,,,,,,,,,,,
,AT1G67328.1,,,,,,,,,,,,,
,AT2G28160.1,,,,,,,,,,,,,
,AT2G31390.1,,,,,,,,,,,,,
,AT4G15910.1,,,,,,,,,,,,,
,AT4G10510.1,,,,,,,,,,,,,
,AT1G53490.1,,,,,,,,,,,,,
,AT3G59850.1,,,,,,,,,,,,,
,AT3G63430.1,,,,,,,,,,,,,
,AT2G35120.1,,,,,,,,,,,,,
,AT3G49330.1,,,,,,,,,,,,,
,AT2G25260.1,,,,,,,,,,,,,
,AT5G44770.1,,,,,,,,,,,,,
,AT1G53680.1,,,,,,,,,,,,,
,AT2G48080.1,,,,,,,,,,,,,
,AT5G40980.1,,,,,,,,,,,,,
,AT2G33080.1,,,,,,,,,,,,,
,AT1G71870.1,,,,,,,,,,,,,
,AT2G40100.1,,,,,,,,,,,,,
,AT3G44350.1,,,,,,,,,,,,,
,AT3G44350.2,,,,,,,,,,,,,
,AT5G03960.1,,,,,,,,,,,,,
,AT3G25290.2,,,,,,,,,,,,,
,AT5G36185.1,,,,,,,,,,,,,
,AT1G11670.1,,,,,,,,,,,,,
,AT3G20140.1,,,,,,,,,,,,,
,AT3G25290.1,,,,,,,,,,,,,
,AT4G04745.1,,,,,,,,,,,,,
,AT4G37235.1,,,,,,,,,,,,,
,AT3G22830.1,,,,,,,,,,,,,
,AT2G38510.1,,,,,,,,,,,,,
,AT3G51680.1,,,,,,,,,,,,,
,AT3G11050.1,,,,,,,,,,,,,
,AT5G38100.1,,,,,,,,,,,,,
,AT5G39240.1,,,,,,,,,,,,,
,AT3G14780.1,,,,,,,,,,,,,
,AT2G22760.1,,,,,,,,,,,,,
,AT4G25010.1,,,,,,,,,,,,,
,AT2G04040.1,,,,,,,,,,,,,
,AT2G16586.1,,,,,,,,,,,,,
,AT3G14680.1,,,,,,,,,,,,,
,AT2G24260.1,,,,,,,,,,,,,
,AT5G50600.1,,,,,,,,,,,,,
,AT5G50590.1,,,,,,,,,,,,,
,AT1G58643.1,,,,,,,,,,,,,
,AT3G21680.1,,,,,,,,,,,,,
,AT1G58037.1,,,,,,,,,,,,,
,AT2G17330.1,,,,,,,,,,,,,
,AT1G21110.1,,,,,,,,,,,,,
,AT3G49860.1,,,,,,,,,,,,,
,AT1G16400.1,,,,,,,,,,,,,
,AT5G25890.1,,,,,,,,,,,,,
,AT3G16210.1,,,,,,,,,,,,,
,AT2G39510.1,,,,,,,,,,,,,
,AT1G69600.1,,,,,,,,,,,,,
,ATMG01190.1,,,,,,,,,,,,,
,AT1G55030.1,,,,,,,,,,,,,
,AT2G40610.1,,,,,,,,,,,,,
,AT2G42850.1,,,,,,,,,,,,,
,AT3G26770.1,,,,,,,,,,,,,
,AT4G04540.1,,,,,,,,,,,,,
,AT4G21380.1,,,,,,,,,,,,,
,AT2G14920.1,,,,,,,,,,,,,
,AT5G53190.1,,,,,,,,,,,,,
,AT5G12940.1,,,,,,,,,,,,,
,AT5G44110.1,,,,,,,,,,,,,
,AT5G44110.2,,,,,,,,,,,,,
,AT5G22550.2,,,,,,,,,,,,,
,AT4G20460.1,,,,,,,,,,,,,
,AT2G21100.1,,,,,,,,,,,,,
,AT1G22470.1,,,,,,,,,,,,,
,AT1G06320.1,,,,,,,,,,,,,
,AT3G12977.1,,,,,,,,,,,,,
,AT3G02885.1,,,,,,,,,,,,,
,AT1G01640.1,,,,,,,,,,,,,
,AT4G29800.1,,,,,,,,,,,,,
,AT5G07390.2,,,,,,,,,,,,,
,AT3G60490.1,,,,,,,,,,,,,
,AT5G44110.3,,,,,,,,,,,,,
,AT5G05880.1,,,,,,,,,,,,,
,AT5G40030.1,,,,,,,,,,,,,
,AT4G22210.1,,,,,,,,,,,,,
,AT5G45120.1,,,,,,,,,,,,,
,AT4G04510.1,,,,,,,,,,,,,
,AT5G38100.2,,,,,,,,,,,,,
,AT1G18879.1,,,,,,,,,,,,,
,AT5G37210.1,,,,,,,,,,,,,
,AT3G54260.1,,,,,,,,,,,,,
,AT4G28650.1,,,,,,,,,,,,,
,AT5G22550.1,,,,,,,,,,,,,
,AT2G24070.2,,,,,,,,,,,,,
,AT4G37420.1,,,,,,,,,,,,,
,AT1G33100.1,,,,,,,,,,,,,
,AT5G51270.1,,,,,,,,,,,,,
,AT4G26360.1,,,,,,,,,,,,,
,AT3G21780.1,,,,,,,,,,,,,
,AT1G74458.1,,,,,,,,,,,,,
,AT1G28470.1,,,,,,,,,,,,,
,AT3G60420.1,,,,,,,,,,,,,
,AT4G23215.1,,,,,,,,,,,,,
,AT4G23515.1,,,,,,,,,,,,,
,AT1G31710.1,,,,,,,,,,,,,
,AT2G43390.1,,,,,,,,,,,,,
,AT1G01640.2,,,,,,,,,,,,,
,AT5G16900.1,,,,,,,,,,,,,
,AT5G12340.1,,,,,,,,,,,,,
,AT5G42690.2,,,,,,,,,,,,,
,AT3G10340.1,,,,,,,,,,,,,
,AT1G53660.1,,,,,,,,,,,,,
,AT5G42690.1,,,,,,,,,,,,,
,AT5G07390.1,,,,,,,,,,,,,
,AT5G10510.1,,,,,,,,,,,,,
,AT5G04370.1,,,,,,,,,,,,,
,AT5G04370.2,,,,,,,,,,,,,
,AT4G01525.1,,,,,,,,,,,,,
,AT5G45095.1,,,,,,,,,,,,,
,AT1G12940.1,,,,,,,,,,,,,
,AT3G07425.1,,,,,,,,,,,,,
,AT1G59077.1,,,,,,,,,,,,,
,AT1G59030.1,,,,,,,,,,,,,
,AT5G44568.1,,,,,,,,,,,,,
,AT3G59130.1,,,,,,,,,,,,,
,AT3G20960.1,,,,,,,,,,,,,
,AT3G51240.2,,,,,,,,,,,,,
,AT1G19530.1,,,,,,,,,,,,,
,AT2G30840.1,,,,,,,,,,,,,
,AT1G52330.1,,,,,,,,,,,,,
,AT3G51240.1,,,,,,,,,,,,,
,AT4G15740.1,,,,,,,,,,,,,
,AT1G22980.1,,,,,,,,,,,,,
,AT5G24313.1,,,,,,,,,,,,,
,AT3G09640.1,,,,,,,,,,,,,
,AT3G09640.2,,,,,,,,,,,,,
,AT2G20520.1,,,,,,,,,,,,,
,AT5G10510.2,,,,,,,,,,,,,
,AT2G22620.2,,,,,,,,,,,,,
,AT2G12400.1,,,,,,,,,,,,,
,AT2G16895.1,,,,,,,,,,,,,
,AT5G22540.1,,,,,,,,,,,,,
,AT5G42930.1,,,,,,,,,,,,,
,AT3G51360.1,,,,,,,,,,,,,
,AT4G36570.1,,,,,,,,,,,,,
,AT1G13830.1,,,,,,,,,,,,,
,AT1G54560.1,,,,,,,,,,,,,
,AT5G53950.1,,,,,,,,,,,,,
,AT5G25020.1,,,,,,,,,,,,,
,AT2G43480.1,,,,,,,,,,,,,
,AT5G01360.2,,,,,,,,,,,,,
,AT4G11890.1,,,,,,,,,,,,,
,AT5G65970.1,,,,,,,,,,,,,
,AT2G43150.1,,,,,,,,,,,,,
,AT1G13510.1,,,,,,,,,,,,,
,AT2G41300.1,,,,,,,,,,,,,
,AT5G42690.3,,,,,,,,,,,,,
,AT1G65790.1,,,,,,,,,,,,,
,AT2G35380.1,,,,,,,,,,,,,
,AT5G38010.1,,,,,,,,,,,,,
,AT5G53486.1,,,,,,,,,,,,,
,AT5G53486.3,,,,,,,,,,,,,
,AT1G06930.1,,,,,,,,,,,,,
,AT5G01360.1,,,,,,,,,,,,,
,AT5G64690.1,,,,,,,,,,,,,
,AT4G09820.1,,,,,,,,,,,,,
,AT1G68825.1,,,,,,,,,,,,,
,AT2G35380.2,,,,,,,,,,,,,
,AT1G55020.1,,,,,,,,,,,,,
,AT5G51470.1,,,,,,,,,,,,,
,AT3G09240.1,,,,,,,,,,,,,
,AT2G01580.1,,,,,,,,,,,,,
,AT1G13590.1,,,,,,,,,,,,,
,AT5G48690.1,,,,,,,,,,,,,
,AT5G48690.2,,,,,,,,,,,,,
,AT4G11890.3,,,,,,,,,,,,,
,AT3G30260.1,,,,,,,,,,,,,
,AT3G61680.1,,,,,,,,,,,,,
,AT1G01200.1,,,,,,,,,,,,,
,AT5G39770.1,,,,,,,,,,,,,
,AT1G10400.1,,,,,,,,,,,,,
,AT5G44460.1,,,,,,,,,,,,,
,AT4G11890.4,,,,,,,,,,,,,
,AT3G28650.1,,,,,,,,,,,,,
,AT4G11890.2,,,,,,,,,,,,,
,AT1G57570.1,,,,,,,,,,,,,
,AT2G28110.1,,,,,,,,,,,,,
,AT1G03700.1,,,,,,,,,,,,,
,AT1G32450.1,,,,,,,,,,,,,
,AT3G45440.1,,,,,,,,,,,,,
,AT5G19890.1,,,,,,,,,,,,,
,AT4G14580.1,,,,,,,,,,,,,
,AT5G39970.1,,,,,,,,,,,,,
,AT5G10510.3,,,,,,,,,,,,,
,AT5G15800.1,,,,,,,,,,,,,
,AT5G15800.2,,,,,,,,,,,,,
,AT5G11230.1,,,,,,,,,,,,,
,AT1G14040.1,,,,,,,,,,,,,
,AT1G21530.2,,,,,,,,,,,,,
,AT2G05441.1,,,,,,,,,,,,,
,AT1G21530.1,,,,,,,,,,,,,
,AT3G32047.1,,,,,,,,,,,,,
,AT2G18480.1,,,,,,,,,,,,,
,AT1G78410.1,,,,,,,,,,,,,
,AT3G25640.1,,,,,,,,,,,,,
,AT5G65340.1,,,,,,,,,,,,,
,AT4G19980.1,,,,,,,,,,,,,
,AT3G01070.1,,,,,,,,,,,,,
,AT3G20130.1,,,,,,,,,,,,,
,AT3G20130.2,,,,,,,,,,,,,
,AT1G31580.1,,,,,,,,,,,,,
,AT3G22231.1,,,,,,,,,,,,,
,AT5G64790.1,,,,,,,,,,,,,
,AT5G67090.1,,,,,,,,,,,,,
,AT2G40320.1,,,,,,,,,,,,,
,AT3G60420.2,,,,,,,,,,,,,
,AT4G22233.1,,,,,,,,,,,,,
,AT4G13440.1,,,,,,,,,,,,,
,AT5G14000.1,,,,,,,,,,,,,
,AT1G01560.2,,,,,,,,,,,,,
,AT3G50470.1,,,,,,,,,,,,,
,AT1G06923.1,,,,,,,,,,,,,
,AT5G27000.1,,,,,,,,,,,,,
,AT1G61480.1,,,,,,,,,,,,,
,AT4G29800.2,,,,,,,,,,,,,
,AT5G53486.2,,,,,,,,,,,,,
,AT2G22620.1,,,,,,,,,,,,,
,AT1G73410.1,,,,,,,,,,,,,
,AT2G02930.1,,,,,,,,,,,,,
,AT1G24485.3,,,,,,,,,,,,,
,AT1G58725.1,,,,,,,,,,,,,
,AT1G58766.1,,,,,,,,,,,,,
,AT1G08590.1,,,,,,,,,,,,,
,AT5G43420.1,,,,,,,,,,,,,
,AT3G61118.1,,,,,,,,,,,,,
,AT1G52820.1,,,,,,,,,,,,,
,AT1G50550.1,,,,,,,,,,,,,
,AT2G29740.1,,,,,,,,,,,,,
,AT5G19560.1,,,,,,,,,,,,,
,AT4G17215.1,,,,,,,,,,,,,
,AT1G79250.1,,,,,,,,,,,,,
,AT1G79250.2,,,,,,,,,,,,,
,AT3G14510.1,,,,,,,,,,,,,
,AT4G35210.1,,,,,,,,,,,,,
,AT3G51238.1,,,,,,,,,,,,,
,AT3G59695.1,,,,,,,,,,,,,
,AT1G22500.1,,,,,,,,,,,,,
,AT1G26680.1,,,,,,,,,,,,,
,AT2G45050.1,,,,,,,,,,,,,
,AT4G20160.1,,,,,,,,,,,,,
,AT1G60470.1,,,,,,,,,,,,,
,AT3G02040.1,,,,,,,,,,,,,
,AT4G15150.1,,,,,,,,,,,,,
,AT3G17998.1,,,,,,,,,,,,,
,AT3G18000.1,,,,,,,,,,,,,
,AT3G21460.1,,,,,,,,,,,,,
,AT1G01560.1,,,,,,,,,,,,,
,AT5G58700.1,,,,,,,,,,,,,
,AT3G02940.1,,,,,,,,,,,,,
,AT2G27510.1,,,,,,,,,,,,,
,AT4G14280.1,,,,,,,,,,,,,
,AT3G16360.1,,,,,,,,,,,,,
,AT5G58700.2,,,,,,,,,,,,,
,AT5G41300.1,,,,,,,,,,,,,
,AT3G52970.2,,,,,,,,,,,,,
,AT3G52970.1,,,,,,,,,,,,,
,AT2G43670.1,,,,,,,,,,,,,
,AT1G24485.2,,,,,,,,,,,,,
,AT4G03470.1,,,,,,,,,,,,,
,AT2G26480.1,,,,,,,,,,,,,
,AT2G19440.1,,,,,,,,,,,,,
,AT5G10830.1,,,,,,,,,,,,,
,AT5G67210.1,,,,,,,,,,,,,
,AT5G43770.1,,,,,,,,,,,,,
,AT4G05170.1,,,,,,,,,,,,,
,AT2G23300.1,,,,,,,,,,,,,
,AT1G62570.1,,,,,,,,,,,,,
,AT3G02493.1,,,,,,,,,,,,,
,AT4G14365.1,,,,,,,,,,,,,
,AT2G42440.1,,,,,,,,,,,,,
,AT1G67640.1,,,,,,,,,,,,,
,AT1G68360.1,,,,,,,,,,,,,
,AT1G44020.1,,,,,,,,,,,,,
,AT5G01280.1,,,,,,,,,,,,,
,AT1G50630.1,,,,,,,,,,,,,
,AT4G11370.1,,,,,,,,,,,,,
,AT1G56080.1,,,,,,,,,,,,,
,AT1G13610.1,,,,,,,,,,,,,
,AT1G47271.1,,,,,,,,,,,,,
,AT1G75920.4,,,,,,,,,,,,,
,AT4G01910.1,,,,,,,,,,,,,
,AT2G22680.1,,,,,,,,,,,,,
,ATMG01250.1,,,,,,,,,,,,,
,AT1G66390.1,,,,,,,,,,,,,
,AT2G40080.1,,,,,,,,,,,,,
,AT2G47010.1,,,,,,,,,,,,,
,AT3G30867.1,,,,,,,,,,,,,
,AT1G44180.1,,,,,,,,,,,,,
,AT1G11450.2,,,,,,,,,,,,,
,AT1G20700.1,,,,,,,,,,,,,
,AT5G42655.1,,,,,,,,,,,,,
,AT4G21230.1,,,,,,,,,,,,,
,AT5G49770.1,,,,,,,,,,,,,
,AT5G44820.1,,,,,,,,,,,,,
,AT4G18630.1,,,,,,,,,,,,,
,AT2G13550.1,,,,,,,,,,,,,
,AT5G25750.1,,,,,,,,,,,,,
,AT5G53486.4,,,,,,,,,,,,,
,AT2G47010.2,,,,,,,,,,,,,
,AT3G59690.1,,,,,,,,,,,,,
,AT5G22490.1,,,,,,,,,,,,,
,AT5G44480.1,,,,,,,,,,,,,
,AT5G13990.1,,,,,,,,,,,,,
,AT2G45290.1,,,,,,,,,,,,,
,AT4G03620.1,,,,,,,,,,,,,
,AT5G44900.1,,,,,,,,,,,,,
,AT2G37740.1,,,,,,,,,,,,,
,AT5G61350.1,,,,,,,,,,,,,
,AT3G11260.1,,,,,,,,,,,,,
,AT1G13610.2,,,,,,,,,,,,,
,AT5G53740.1,,,,,,,,,,,,,
,AT3G20935.1,,,,,,,,,,,,,
,AT1G12010.1,,,,,,,,,,,,,
,AT1G23800.1,,,,,,,,,,,,,
,AT2G02620.1,,,,,,,,,,,,,
,AT4G25480.1,,,,,,,,,,,,,
,AT2G45135.1,,,,,,,,,,,,,
,AT3G55700.1,,,,,,,,,,,,,
,AT5G17523.1,,,,,,,,,,,,,
,AT5G41750.1,,,,,,,,,,,,,
,AT3G11010.1,,,,,,,,,,,,,
,AT2G36780.1,,,,,,,,,,,,,
,AT5G34795.1,,,,,,,,,,,,,
,AT3G18010.1,,,,,,,,,,,,,
,AT2G28250.1,,,,,,,,,,,,,
,AT1G62770.1,,,,,,,,,,,,,
,AT3G16360.2,,,,,,,,,,,,,
,AT4G28652.1,,,,,,,,,,,,,
,AT2G02000.1,,,,,,,,,,,,,
,AT1G50630.2,,,,,,,,,,,,,
,AT1G04150.1,,,,,,,,,,,,,
,AT1G17950.1,,,,,,,,,,,,,
,AT3G03520.1,,,,,,,,,,,,,
,AT5G41750.2,,,,,,,,,,,,,
,AT3G27883.1,,,,,,,,,,,,,
,AT5G66700.1,,,,,,,,,,,,,
,AT3G24420.1,,,,,,,,,,,,,
,AT2G29470.1,,,,,,,,,,,,,
,AT1G10300.1,,,,,,,,,,,,,
,AT2G03720.1,,,,,,,,,,,,,
,AT5G52720.1,,,,,,,,,,,,,
,AT5G15150.1,,,,,,,,,,,,,
,AT5G58000.1,,,,,,,,,,,,,
,AT1G16980.1,,,,,,,,,,,,,
,AT1G17000.1,,,,,,,,,,,,,
,AT1G74830.1,,,,,,,,,,,,,
,AT5G51580.1,,,,,,,,,,,,,
,AT5G24290.1,,,,,,,,,,,,,
,AT2G28250.2,,,,,,,,,,,,,
,AT5G54790.1,,,,,,,,,,,,,
,AT1G23120.1,,,,,,,,,,,,,
,AT4G16370.1,,,,,,,,,,,,,
,AT1G12805.1,,,,,,,,,,,,,
,AT1G27670.1,,,,,,,,,,,,,
,AT1G11450.1,,,,,,,,,,,,,
,AT5G10100.1,,,,,,,,,,,,,
,AT2G33205.1,,,,,,,,,,,,,
,AT5G20960.2,,,,,,,,,,,,,
,AT5G20960.1,,,,,,,,,,,,,
,AT5G24290.2,,,,,,,,,,,,,
,AT2G31860.1,,,,,,,,,,,,,
,AT3G16300.1,,,,,,,,,,,,,
,AT1G77525.1,,,,,,,,,,,,,
,AT4G12330.1,,,,,,,,,,,,,
,AT1G10682.1,,,,,,,,,,,,,
,AT2G01830.3,,,,,,,,,,,,,
,AT5G28610.1,,,,,,,,,,,,,
,AT5G10100.2,,,,,,,,,,,,,
,AT4G13580.1,,,,,,,,,,,,,
,AT2G01830.1,,,,,,,,,,,,,
,AT3G59200.1,,,,,,,,,,,,,
,AT1G68825.2,,,,,,,,,,,,,
,AT1G32180.1,,,,,,,,,,,,,
,AT3G05980.1,,,,,,,,,,,,,
,AT2G31865.2,,,,,,,,,,,,,
,AT2G01830.2,,,,,,,,,,,,,
,AT5G50175.1,,,,,,,,,,,,,
,AT4G18550.1,,,,,,,,,,,,,
,AT1G73340.1,,,,,,,,,,,,,
,AT5G37500.1,,,,,,,,,,,,,
,AT5G17800.1,,,,,,,,,,,,,
,AT2G31865.1,,,,,,,,,,,,,
,AT1G36620.1,,,,,,,,,,,,,
,AT4G38410.1,,,,,,,,,,,,,
,AT2G41445.1,,,,,,,,,,,,,
,AT5G57220.1,,,,,,,,,,,,,
,AT2G34420.1,,,,,,,,,,,,,
,AT1G24485.1,,,,,,,,,,,,,
,AT5G18860.1,,,,,,,,,,,,,
,AT5G52330.1,,,,,,,,,,,,,
,AT1G30935.1,,,,,,,,,,,,,
,AT3G48410.1,,,,,,,,,,,,,
,AT3G28890.1,,,,,,,,,,,,,
,AT5G56970.1,,,,,,,,,,,,,
,AT4G34860.2,,,,,,,,,,,,,
,AT2G31180.1,,,,,,,,,,,,,
,AT2G47950.1,,,,,,,,,,,,,
,AT4G24140.1,,,,,,,,,,,,,
,AT2G22950.1,,,,,,,,,,,,,
,AT2G34140.1,,,,,,,,,,,,,
,AT2G46140.1,,,,,,,,,,,,,
,AT4G37890.2,,,,,,,,,,,,,
,AT2G22600.1,,,,,,,,,,,,,
,AT3G22060.1,,,,,,,,,,,,,
,AT2G24160.1,,,,,,,,,,,,,
,AT5G02640.1,,,,,,,,,,,,,
,AT2G03972.1,,,,,,,,,,,,,
,AT2G03972.2,,,,,,,,,,,,,
,AT2G16720.1,,,,,,,,,,,,,
,AT4G34860.1,,,,,,,,,,,,,
,AT4G32650.2,,,,,,,,,,,,,
,AT1G66450.1,,,,,,,,,,,,,
,AT5G19800.1,,,,,,,,,,,,,
,AT1G61230.1,,,,,,,,,,,,,
,AT1G22220.1,,,,,,,,,,,,,
,AT1G13635.1,,,,,,,,,,,,,
,AT5G37478.1,,,,,,,,,,,,,
,AT3G29156.1,,,,,,,,,,,,,
,AT4G25160.1,,,,,,,,,,,,,
,AT3G47480.1,,,,,,,,,,,,,
,AT2G32430.1,,,,,,,,,,,,,
,AT5G18350.1,,,,,,,,,,,,,
,AT4G01930.1,,,,,,,,,,,,,
,AT3G09010.1,,,,,,,,,,,,,
,AT4G23493.1,,,,,,,,,,,,,
,AT5G63450.1,,,,,,,,,,,,,
,AT3G04370.1,,,,,,,,,,,,,
,AT3G04370.2,,,,,,,,,,,,,
,AT4G32650.1,,,,,,,,,,,,,
,AT4G32650.3,,,,,,,,,,,,,
,AT5G57200.1,,,,,,,,,,,,,
,AT2G18470.1,,,,,,,,,,,,,
,AT5G13940.1,,,,,,,,,,,,,
,AT3G45720.1,,,,,,,,,,,,,
,AT3G27690.1,,,,,,,,,,,,,
,AT3G61850.2,,,,,,,,,,,,,
,AT3G15300.1,,,,,,,,,,,,,
,ATMG00180.1,,,,,,,,,,,,,
,AT3G28007.1,,,,,,,,,,,,,
,AT3G48970.1,,,,,,,,,,,,,
,AT4G35660.1,,,,,,,,,,,,,
,AT1G76210.1,,,,,,,,,,,,,
,AT5G03795.1,,,,,,,,,,,,,
,AT1G32970.1,,,,,,,,,,,,,
,AT5G40290.1,,,,,,,,,,,,,
,AT5G52330.2,,,,,,,,,,,,,
,AT3G24670.1,,,,,,,,,,,,,
,AT2G35890.1,,,,,,,,,,,,,
,AT4G25560.1,,,,,,,,,,,,,
,AT1G21140.1,,,,,,,,,,,,,
,AT3G25820.1,,,,,,,,,,,,,
,AT2G41090.1,,,,,,,,,,,,,
,AT3G50230.1,,,,,,,,,,,,,
,AT5G01250.1,,,,,,,,,,,,,
,AT2G21910.1,,,,,,,,,,,,,
,AT1G60750.1,,,,,,,,,,,,,
,AT4G26120.1,,,,,,,,,,,,,
,AT3G45670.1,,,,,,,,,,,,,
,AT1G62800.2,,,,,,,,,,,,,
,AT4G33050.2,,,,,,,,,,,,,
,AT1G62800.1,,,,,,,,,,,,,
,AT2G07280.1,,,,,,,,,,,,,
,AT5G53910.1,,,,,,,,,,,,,
,AT5G54010.1,,,,,,,,,,,,,
,AT1G21540.1,,,,,,,,,,,,,
,AT3G09450.1,,,,,,,,,,,,,
,AT4G33050.1,,,,,,,,,,,,,
,AT5G65020.2,,,,,,,,,,,,,
,AT1G50530.1,,,,,,,,,,,,,
,AT3G61990.1,,,,,,,,,,,,,
,AT4G33050.3,,,,,,,,,,,,,
,AT3G20520.1,,,,,,,,,,,,,
,AT3G50770.1,,,,,,,,,,,,,
,AT1G15820.1,,,,,,,,,,,,,
,AT5G03510.1,,,,,,,,,,,,,
,AT4G33050.4,,,,,,,,,,,,,
,AT1G30510.3,,,,,,,,,,,,,
,AT1G76952.1,,,,,,,,,,,,,
,AT3G61850.3,,,,,,,,,,,,,
,AT1G78950.1,,,,,,,,,,,,,
,AT1G30510.1,,,,,,,,,,,,,
,AT1G30510.2,,,,,,,,,,,,,
,AT1G24140.1,,,,,,,,,,,,,
,AT5G23030.1,,,,,,,,,,,,,
,AT5G58390.1,,,,,,,,,,,,,
,AT4G37895.1,,,,,,,,,,,,,
,AT4G25220.1,,,,,,,,,,,,,
,AT1G67710.1,,,,,,,,,,,,,
,AT5G24540.1,,,,,,,,,,,,,
,AT1G16160.1,,,,,,,,,,,,,
,AT4G24030.1,,,,,,,,,,,,,
,AT4G37890.1,,,,,,,,,,,,,
,AT5G40090.1,,,,,,,,,,,,,
,AT1G09935.1,,,,,,,,,,,,,
,AT3G50460.1,,,,,,,,,,,,,
,AT4G30980.1,,,,,,,,,,,,,
,AT3G03280.1,,,,,,,,,,,,,
,AT3G26120.1,,,,,,,,,,,,,
,AT3G01730.1,,,,,,,,,,,,,
,AT1G21470.1,,,,,,,,,,,,,
,AT5G65020.1,,,,,,,,,,,,,
,AT4G03292.1,,,,,,,,,,,,,
,AT1G58037.2,,,,,,,,,,,,,
,AT2G28690.1,,,,,,,,,,,,,
,AT1G48700.1,,,,,,,,,,,,,
,AT4G14670.1,,,,,,,,,,,,,
,AT3G26550.1,,,,,,,,,,,,,
,AT1G73870.1,,,,,,,,,,,,,
,AT3G46170.1,,,,,,,,,,,,,
,AT1G20500.1,,,,,,,,,,,,,
,AT1G72140.1,,,,,,,,,,,,,
,AT1G47670.1,,,,,,,,,,,,,
,AT4G19460.1,,,,,,,,,,,,,
,AT5G52750.1,,,,,,,,,,,,,
,AT2G28440.1,,,,,,,,,,,,,
,AT3G22121.1,,,,,,,,,,,,,
,AT4G35690.1,,,,,,,,,,,,,
,AT1G23840.1,,,,,,,,,,,,,
,AT2G07240.1,,,,,,,,,,,,,
,AT2G36090.1,,,,,,,,,,,,,
,AT4G35060.1,,,,,,,,,,,,,
,AT3G18400.1,,,,,,,,,,,,,
,AT2G37170.1,,,,,,,,,,,,,
,AT4G28490.1,,,,,,,,,,,,,
,AT2G19582.1,,,,,,,,,,,,,
,AT1G75530.1,,,,,,,,,,,,,
,AT4G20190.1,,,,,,,,,,,,,
,AT3G61850.1,,,,,,,,,,,,,
,AT5G20150.1,,,,,,,,,,,,,
,AT4G03480.1,,,,,,,,,,,,,
,AT3G48080.1,,,,,,,,,,,,,
,AT3G16660.1,,,,,,,,,,,,,
,AT1G64500.1,,,,,,,,,,,,,
,AT3G61850.4,,,,,,,,,,,,,
,AT1G13635.2,,,,,,,,,,,,,
,AT1G13500.1,,,,,,,,,,,,,
,AT4G34850.1,,,,,,,,,,,,,
,AT1G52330.2,,,,,,,,,,,,,
,AT2G34100.2,,,,,,,,,,,,,
,AT5G10430.1,,,,,,,,,,,,,
,AT5G39390.1,,,,,,,,,,,,,
,AT5G53700.1,,,,,,,,,,,,,
,AT1G13670.1,,,,,,,,,,,,,
,AT3G12910.1,,,,,,,,,,,,,
,AT5G47600.1,,,,,,,,,,,,,
,AT3G05860.1,,,,,,,,,,,,,
,AT4G14010.1,,,,,,,,,,,,,
,AT1G49390.1,,,,,,,,,,,,,
,AT5G57830.1,,,,,,,,,,,,,
,AT4G39610.1,,,,,,,,,,,,,
,AT5G57070.1,,,,,,,,,,,,,
,AT3G25820.2,,,,,,,,,,,,,
,AT2G07320.1,,,,,,,,,,,,,
,AT1G14480.2,,,,,,,,,,,,,
,AT2G22040.1,,,,,,,,,,,,,
,AT4G02420.1,,,,,,,,,,,,,
,AT3G44320.1,,,,,,,,,,,,,
,AT4G24890.1,,,,,,,,,,,,,
,AT5G09910.1,,,,,,,,,,,,,
,AT3G12955.1,,,,,,,,,,,,,
,AT1G08592.1,,,,,,,,,,,,,
,AT2G28315.1,,,,,,,,,,,,,
,AT2G39300.1,,,,,,,,,,,,,
,AT5G46530.1,,,,,,,,,,,,,
,AT5G43530.1,,,,,,,,,,,,,
,AT1G55207.1,,,,,,,,,,,,,
,AT2G39300.2,,,,,,,,,,,,,
,AT2G26360.1,,,,,,,,,,,,,
,AT1G75600.1,,,,,,,,,,,,,
,AT1G53270.1,,,,,,,,,,,,,
,AT1G03010.1,,,,,,,,,,,,,
,AT1G35240.1,,,,,,,,,,,,,
,AT5G15890.1,,,,,,,,,,,,,
,AT1G72220.1,,,,,,,,,,,,,
,AT3G09260.1,,,,,,,,,,,,,
,AT2G26410.1,,,,,,,,,,,,,
,AT1G06520.1,,,,,,,,,,,,,
,AT1G75920.2,,,,,,,,,,,,,
,AT2G37210.2,,,,,,,,,,,,,
,AT2G43880.1,,,,,,,,,,,,,
,AT5G48130.1,,,,,,,,,,,,,
,AT1G48800.1,,,,,,,,,,,,,
,AT4G28460.1,,,,,,,,,,,,,
,AT5G19410.1,,,,,,,,,,,,,
,AT5G50335.1,,,,,,,,,,,,,
,AT1G22990.1,,,,,,,,,,,,,
,AT3G11402.1,,,,,,,,,,,,,
,AT1G04580.1,,,,,,,,,,,,,
,AT1G29910.1,,,,,,,,,,,,,
,AT1G19230.2,,,,,,,,,,,,,
,AT2G23680.1,,,,,,,,,,,,,
,AT5G52170.1,,,,,,,,,,,,,
,AT5G15630.1,,,,,,,,,,,,,
,AT1G15125.1,,,,,,,,,,,,,
,AT2G40260.1,,,,,,,,,,,,,
,AT3G23830.2,,,,,,,,,,,,,
,AT5G65660.1,,,,,,,,,,,,,
,AT5G63270.1,,,,,,,,,,,,,
,AT5G06530.3,,,,,,,,,,,,,
,AT1G46552.1,,,,,,,,,,,,,
,AT1G02575.1,,,,,,,,,,,,,
,AT5G22240.1,,,,,,,,,,,,,
,AT4G39830.1,,,,,,,,,,,,,
,AT4G01760.1,,,,,,,,,,,,,
,AT2G23680.2,,,,,,,,,,,,,
,AT3G05630.1,,,,,,,,,,,,,
,AT3G23830.1,,,,,,,,,,,,,
,AT2G04060.1,,,,,,,,,,,,,
,AT4G39590.1,,,,,,,,,,,,,
,AT2G17880.1,,,,,,,,,,,,,
,AT2G36650.1,,,,,,,,,,,,,
,AT1G57640.1,,,,,,,,,,,,,
,AT5G43690.1,,,,,,,,,,,,,
,AT3G05860.2,,,,,,,,,,,,,
,AT3G29110.1,,,,,,,,,,,,,
,AT1G02570.1,,,,,,,,,,,,,
,AT1G75920.1,,,,,,,,,,,,,
,AT5G04330.1,,,,,,,,,,,,,
,AT1G79529.1,,,,,,,,,,,,,
,AT1G31770.1,,,,,,,,,,,,,
,AT1G74440.1,,,,,,,,,,,,,
,AT1G05220.1,,,,,,,,,,,,,
,AT3G17110.1,,,,,,,,,,,,,
,AT2G42720.1,,,,,,,,,,,,,
,AT3G54180.1,,,,,,,,,,,,,
,AT3G08490.1,,,,,,,,,,,,,
,AT1G32170.1,,,,,,,,,,,,,
,AT5G06530.1,,,,,,,,,,,,,
,AT3G60870.1,,,,,,,,,,,,,
,AT3G16490.1,,,,,,,,,,,,,
,AT5G06530.2,,,,,,,,,,,,,
,AT1G15770.1,,,,,,,,,,,,,
,AT5G47130.1,,,,,,,,,,,,,
,AT1G72910.1,,,,,,,,,,,,,
,AT2G46440.1,,,,,,,,,,,,,
,AT4G28250.1,,,,,,,,,,,,,
,AT4G07820.1,,,,,,,,,,,,,
,AT4G31950.1,,,,,,,,,,,,,
,AT5G15290.1,,,,,,,,,,,,,
,AT3G12720.1,,,,,,,,,,,,,
,AT5G51210.1,,,,,,,,,,,,,
,AT5G13930.1,,,,,,,,,,,,,
,AT2G22122.1,,,,,,,,,,,,,
,AT1G58400.1,,,,,,,,,,,,,
,AT3G28925.1,,,,,,,,,,,,,
,AT5G54020.1,,,,,,,,,,,,,
,AT4G14640.1,,,,,,,,,,,,,
,AT5G02170.2,,,,,,,,,,,,,
,AT3G48640.1,,,,,,,,,,,,,
,AT4G23220.1,,,,,,,,,,,,,
,AT5G10220.1,,,,,,,,,,,,,
,AT4G12450.1,,,,,,,,,,,,,
,AT4G36040.1,,,,,,,,,,,,,
,AT5G07030.1,,,,,,,,,,,,,
,AT1G25240.1,,,,,,,,,,,,,
,AT3G17860.2,,,,,,,,,,,,,
,AT1G45130.1,,,,,,,,,,,,,
,AT5G40100.1,,,,,,,,,,,,,
,AT1G24145.1,,,,,,,,,,,,,
,AT4G28250.2,,,,,,,,,,,,,
,AT2G03210.1,,,,,,,,,,,,,
,AT2G23170.1,,,,,,,,,,,,,
,AT4G36060.2,,,,,,,,,,,,,
,AT3G46490.1,,,,,,,,,,,,,
,AT3G22820.1,,,,,,,,,,,,,
,AT1G58808.1,,,,,,,,,,,,,
,AT5G17720.1,,,,,,,,,,,,,
,AT1G61226.1,,,,,,,,,,,,,
,AT2G15590.1,,,,,,,,,,,,,
,AT2G15590.2,,,,,,,,,,,,,
,AT2G31081.1,,,,,,,,,,,,,
,AT1G52050.1,,,,,,,,,,,,,
,AT1G52060.1,,,,,,,,,,,,,
,AT3G14517.1,,,,,,,,,,,,,
,AT4G09940.1,,,,,,,,,,,,,
,AT5G06805.1,,,,,,,,,,,,,
,AT5G53260.1,,,,,,,,,,,,,
,AT1G36610.1,,,,,,,,,,,,,
,AT5G03550.1,,,,,,,,,,,,,
,AT1G22460.1,,,,,,,,,,,,,
,AT2G29110.1,,,,,,,,,,,,,
,AT5G14690.1,,,,,,,,,,,,,
,AT5G50565.1,,,,,,,,,,,,,
,AT5G50565.2,,,,,,,,,,,,,
,AT2G37640.1,,,,,,,,,,,,,
,AT3G27200.1,,,,,,,,,,,,,
,AT2G43220.1,,,,,,,,,,,,,
,AT3G13403.1,,,,,,,,,,,,,
,AT1G36600.1,,,,,,,,,,,,,
,AT5G02170.1,,,,,,,,,,,,,
,AT2G29620.1,,,,,,,,,,,,,
,AT5G49780.1,,,,,,,,,,,,,
,AT4G17970.1,,,,,,,,,,,,,
,AT2G32510.1,,,,,,,,,,,,,
,AT1G32100.1,,,,,,,,,,,,,
,AT3G17860.3,,,,,,,,,,,,,
,AT1G60050.1,,,,,,,,,,,,,
,AT1G35515.1,,,,,,,,,,,,,
,AT3G19550.1,,,,,,,,,,,,,
,AT2G30540.1,,,,,,,,,,,,,
,AT1G19230.1,,,,,,,,,,,,,
,AT5G39320.1,,,,,,,,,,,,,
,AT1G30370.1,,,,,,,,,,,,,
,AT3G05860.3,,,,,,,,,,,,,
,AT2G46760.1,,,,,,,,,,,,,
,AT5G63970.2,,,,,,,,,,,,,
,AT1G64360.1,,,,,,,,,,,,,
,AT4G25434.2,,,,,,,,,,,,,
,AT3G25110.1,,,,,,,,,,,,,
,AT1G24320.1,,,,,,,,,,,,,
,AT3G60550.1,,,,,,,,,,,,,
,AT4G28040.1,,,,,,,,,,,,,
,AT5G07110.1,,,,,,,,,,,,,
,AT5G37450.1,,,,,,,,,,,,,
,AT5G01040.1,,,,,,,,,,,,,
,AT1G06640.3,,,,,,,,,,,,,
,AT5G13870.1,,,,,,,,,,,,,
,AT2G14580.1,,,,,,,,,,,,,
,AT4G36060.1,,,,,,,,,,,,,
,AT3G04210.1,,,,,,,,,,,,,
,AT5G61610.1,,,,,,,,,,,,,
,AT1G06640.1,,,,,,,,,,,,,
,AT4G33355.2,,,,,,,,,,,,,
,AT1G75920.3,,,,,,,,,,,,,
,AT1G16530.1,,,,,,,,,,,,,
,AT1G66780.1,,,,,,,,,,,,,
,AT4G25410.1,,,,,,,,,,,,,
,AT3G25010.1,,,,,,,,,,,,,
,AT1G68040.1,,,,,,,,,,,,,
,AT3G19184.1,,,,,,,,,,,,,
,AT2G23530.1,,,,,,,,,,,,,
,AT5G43040.1,,,,,,,,,,,,,
,AT4G15755.1,,,,,,,,,,,,,
,AT3G13404.1,,,,,,,,,,,,,
,AT1G70080.1,,,,,,,,,,,,,
,AT3G17860.1,,,,,,,,,,,,,
,AT2G31900.1,,,,,,,,,,,,,
,AT1G30850.1,,,,,,,,,,,,,
,AT5G55780.1,,,,,,,,,,,,,
,AT2G04510.1,,,,,,,,,,,,,
,AT5G09720.1,,,,,,,,,,,,,
,AT3G45095.1,,,,,,,,,,,,,
,AT3G15356.1,,,,,,,,,,,,,
,AT5G05280.1,,,,,,,,,,,,,
,AT5G05282.1,,,,,,,,,,,,,
,AT3G18290.1,,,,,,,,,,,,,
,AT3G62740.1,,,,,,,,,,,,,
,AT5G67080.1,,,,,,,,,,,,,
,AT5G45070.1,,,,,,,,,,,,,
,AT3G26470.1,,,,,,,,,,,,,
,AT5G56325.1,,,,,,,,,,,,,
,AT1G05577.1,,,,,,,,,,,,,
,AT1G24570.1,,,,,,,,,,,,,
,AT3G21150.1,,,,,,,,,,,,,
,AT2G47530.1,,,,,,,,,,,,,
,AT1G62990.1,,,,,,,,,,,,,
,AT4G20235.1,,,,,,,,,,,,,
,AT3G52460.1,,,,,,,,,,,,,
,AT3G27480.2,,,,,,,,,,,,,
,AT5G39050.1,,,,,,,,,,,,,
,AT1G30050.1,,,,,,,,,,,,,
,AT2G39210.1,,,,,,,,,,,,,
,AT4G35720.1,,,,,,,,,,,,,
,AT1G55290.1,,,,,,,,,,,,,
,AT1G07000.1,,,,,,,,,,,,,
,AT1G01750.1,,,,,,,,,,,,,
,AT5G54148.1,,,,,,,,,,,,,
,AT3G63280.2,,,,,,,,,,,,,
,AT1G68640.1,,,,,,,,,,,,,
,AT2G42990.1,,,,,,,,,,,,,
,AT3G13784.1,,,,,,,,,,,,,
,AT1G34520.1,,,,,,,,,,,,,
,AT5G60510.1,,,,,,,,,,,,,
,AT1G06640.2,,,,,,,,,,,,,
,AT2G33000.1,,,,,,,,,,,,,
,AT2G40470.1,,,,,,,,,,,,,
,AT4G32785.1,,,,,,,,,,,,,
,AT5G60730.1,,,,,,,,,,,,,
,AT4G15236.1,,,,,,,,,,,,,
,AT3G01830.1,,,,,,,,,,,,,
,AT3G22142.1,,,,,,,,,,,,,
,AT3G57950.1,,,,,,,,,,,,,
,AT1G60970.1,,,,,,,,,,,,,
,AT5G15970.1,,,,,,,,,,,,,
,AT4G26330.1,,,,,,,,,,,,,
,AT3G01950.1,,,,,,,,,,,,,
,AT5G63970.1,,,,,,,,,,,,,
,AT1G02950.3,,,,,,,,,,,,,
,AT3G47640.2,,,,,,,,,,,,,
,AT3G47640.3,,,,,,,,,,,,,
,AT1G14480.1,,,,,,,,,,,,,
,AT3G47090.1,,,,,,,,,,,,,
,AT5G41570.1,,,,,,,,,,,,,
,ATMG01390.1,,,,,,,,,,,,,
,AT3G44990.1,,,,,,,,,,,,,
,AT3G07970.1,,,,,,,,,,,,,
,AT3G61030.1,,,,,,,,,,,,,
,AT4G08450.1,,,,,,,,,,,,,
,AT5G54700.1,,,,,,,,,,,,,
,AT2G18210.1,,,,,,,,,,,,,
,AT5G26280.2,,,,,,,,,,,,,
,AT5G58780.1,,,,,,,,,,,,,
,AT2G19200.1,,,,,,,,,,,,,
,AT1G66090.1,,,,,,,,,,,,,
,AT3G59680.1,,,,,,,,,,,,,
,AT1G35260.1,,,,,,,,,,,,,
,AT3G16770.1,,,,,,,,,,,,,
,AT3G24715.1,,,,,,,,,,,,,
,AT1G02950.2,,,,,,,,,,,,,
,AT1G02950.4,,,,,,,,,,,,,
,AT1G02950.1,,,,,,,,,,,,,
,AT3G63280.1,,,,,,,,,,,,,
,AT1G23110.2,,,,,,,,,,,,,
,AT5G26660.1,,,,,,,,,,,,,
,AT4G29550.1,,,,,,,,,,,,,
,AT3G21000.1,,,,,,,,,,,,,
,AT5G53820.1,,,,,,,,,,,,,
,AT1G24575.1,,,,,,,,,,,,,
,AT2G24430.2,,,,,,,,,,,,,
,AT2G24430.1,,,,,,,,,,,,,
,AT5G14750.1,,,,,,,,,,,,,
,AT3G42110.1,,,,,,,,,,,,,
,AT3G21240.1,,,,,,,,,,,,,
,AT1G23110.4,,,,,,,,,,,,,
,AT1G23110.5,,,,,,,,,,,,,
,AT5G26920.2,,,,,,,,,,,,,
,AT5G58360.1,,,,,,,,,,,,,
,AT5G26280.1,,,,,,,,,,,,,
,AT4G28790.2,,,,,,,,,,,,,
,AT1G09460.1,,,,,,,,,,,,,
,AT3G45680.1,,,,,,,,,,,,,
,AT1G80820.1,,,,,,,,,,,,,
,AT2G25295.1,,,,,,,,,,,,,
,AT3G04010.1,,,,,,,,,,,,,
,AT2G14900.1,,,,,,,,,,,,,
,AT5G57685.1,,,,,,,,,,,,,
,AT2G26380.1,,,,,,,,,,,,,
,AT3G57460.1,,,,,,,,,,,,,
,AT5G20740.1,,,,,,,,,,,,,
,AT4G23990.1,,,,,,,,,,,,,
,AT3G61198.1,,,,,,,,,,,,,
,AT5G22930.1,,,,,,,,,,,,,
,AT5G22740.1,,,,,,,,,,,,,
,AT5G63225.1,,,,,,,,,,,,,
,AT5G26920.1,,,,,,,,,,,,,
,AT3G47020.1,,,,,,,,,,,,,
,AT2G21330.3,,,,,,,,,,,,,
,AT5G34851.1,,,,,,,,,,,,,
,AT5G39024.1,,,,,,,,,,,,,
,AT1G70860.2,,,,,,,,,,,,,
,AT3G22232.1,,,,,,,,,,,,,
,AT3G01760.1,,,,,,,,,,,,,
,AT2G46410.1,,,,,,,,,,,,,
,AT4G15100.1,,,,,,,,,,,,,
,AT5G47000.1,,,,,,,,,,,,,
,AT2G07260.1,,,,,,,,,,,,,
,AT1G24620.1,,,,,,,,,,,,,
,AT1G28590.1,,,,,,,,,,,,,
,AT3G05880.1,,,,,,,,,,,,,
,AT4G00200.1,,,,,,,,,,,,,
,AT5G11180.1,,,,,,,,,,,,,
,AT1G33760.1,,,,,,,,,,,,,
,AT3G53720.1,,,,,,,,,,,,,
,AT5G38005.1,,,,,,,,,,,,,
,AT4G20900.1,,,,,,,,,,,,,
,AT1G70720.1,,,,,,,,,,,,,
,AT1G16300.1,,,,,,,,,,,,,
,AT5G28646.1,,,,,,,,,,,,,
,AT5G55360.1,,,,,,,,,,,,,
,AT5G07770.2,,,,,,,,,,,,,
,AT5G07770.1,,,,,,,,,,,,,
,AT4G27190.1,,,,,,,,,,,,,
,AT4G25100.4,,,,,,,,,,,,,
,AT4G25930.1,,,,,,,,,,,,,
,AT3G47640.1,,,,,,,,,,,,,
,AT4G00820.1,,,,,,,,,,,,,
,AT5G12870.1,,,,,,,,,,,,,
,AT5G12330.4,,,,,,,,,,,,,
,AT2G29720.1,,,,,,,,,,,,,
,AT4G35650.1,,,,,,,,,,,,,
,AT4G25434.1,,,,,,,,,,,,,
,AT5G01070.1,,,,,,,,,,,,,
,AT3G59680.2,,,,,,,,,,,,,
,AT2G37210.1,,,,,,,,,,,,,
,AT1G35186.1,,,,,,,,,,,,,
,AT1G53935.1,,,,,,,,,,,,,
,AT2G19050.1,,,,,,,,,,,,,
,AT3G24400.1,,,,,,,,,,,,,
,AT5G49140.1,,,,,,,,,,,,,
,AT1G70450.1,,,,,,,,,,,,,
,AT1G17300.1,,,,,,,,,,,,,
,AT1G52560.1,,,,,,,,,,,,,
,AT1G52560.2,,,,,,,,,,,,,
,AT5G07200.1,,,,,,,,,,,,,
,AT5G61340.1,,,,,,,,,,,,,
,AT4G25100.1,,,,,,,,,,,,,
,AT5G12030.1,,,,,,,,,,,,,
,AT4G25100.5,,,,,,,,,,,,,
,AT4G25100.3,,,,,,,,,,,,,
,AT2G05380.2,,,,,,,,,,,,,
,AT1G18570.1,,,,,,,,,,,,,
,AT4G25100.2,,,,,,,,,,,,,
,AT5G02380.1,,,,,,,,,,,,,
,AT5G57110.1,,,,,,,,,,,,,
,AT5G57110.2,,,,,,,,,,,,,
,AT1G64210.1,,,,,,,,,,,,,
,AT1G34050.1,,,,,,,,,,,,,
,AT4G19690.2,,,,,,,,,,,,,
,AT3G27950.1,,,,,,,,,,,,,
,AT4G26070.2,,,,,,,,,,,,,
,AT2G21330.1,,,,,,,,,,,,,
,AT4G23450.1,,,,,,,,,,,,,
,AT3G56240.1,,,,,,,,,,,,,
,AT2G22900.1,,,,,,,,,,,,,
,AT1G30500.1,,,,,,,,,,,,,
,AT5G28510.1,,,,,,,,,,,,,
,AT2G21330.2,,,,,,,,,,,,,
,AT2G30140.1,,,,,,,,,,,,,
,AT2G17890.1,,,,,,,,,,,,,
,AT1G30500.2,,,,,,,,,,,,,
,AT4G26070.3,,,,,,,,,,,,,
,AT5G28646.2,,,,,,,,,,,,,
,AT2G30140.2,,,,,,,,,,,,,
,AT5G39720.1,,,,,,,,,,,,,
,AT1G37000.1,,,,,,,,,,,,,
,AT1G62975.1,,,,,,,,,,,,,
,AT5G21130.1,,,,,,,,,,,,,
,AT3G42180.1,,,,,,,,,,,,,
,AT3G10780.1,,,,,,,,,,,,,
,AT4G38970.1,,,,,,,,,,,,,
,AT4G38970.2,,,,,,,,,,,,,
,AT4G15480.1,,,,,,,,,,,,,
,AT3G12970.1,,,,,,,,,,,,,
,AT2G05380.1,,,,,,,,,,,,,
,AT4G28790.1,,,,,,,,,,,,,
,AT5G33300.1,,,,,,,,,,,,,
,AT3G30725.1,,,,,,,,,,,,,
,AT5G47530.1,,,,,,,,,,,,,
,AT1G28400.1,,,,,,,,,,,,,
,AT1G19790.2,,,,,,,,,,,,,
,AT1G17600.1,,,,,,,,,,,,,
,AT4G15990.1,,,,,,,,,,,,,
,AT2G38750.1,,,,,,,,,,,,,
,AT5G27420.1,,,,,,,,,,,,,
,AT3G21420.1,,,,,,,,,,,,,
,AT4G02180.1,,,,,,,,,,,,,
,AT1G72930.1,,,,,,,,,,,,,
,AT4G01440.1,,,,,,,,,,,,,
,AT5G01610.1,,,,,,,,,,,,,
,AT2G17064.1,,,,,,,,,,,,,
,AT2G31480.1,,,,,,,,,,,,,
,AT5G51930.1,,,,,,,,,,,,,
,AT1G07410.1,,,,,,,,,,,,,
,AT1G70880.1,,,,,,,,,,,,,
,AT5G54490.1,,,,,,,,,,,,,
,AT1G74710.1,,,,,,,,,,,,,
,AT5G48950.2,,,,,,,,,,,,,
,AT3G55500.1,,,,,,,,,,,,,
,AT4G24180.1,,,,,,,,,,,,,
,AT4G26070.1,,,,,,,,,,,,,
,AT1G74710.2,,,,,,,,,,,,,
,AT5G49620.1,,,,,,,,,,,,,
,AT4G24080.1,,,,,,,,,,,,,
,AT5G40275.1,,,,,,,,,,,,,
,AT5G22250.1,,,,,,,,,,,,,
,AT4G08868.1,,,,,,,,,,,,,
,AT3G61900.1,,,,,,,,,,,,,
,AT1G69050.1,,,,,,,,,,,,,
,AT4G23130.1,,,,,,,,,,,,,
,AT1G43590.1,,,,,,,,,,,,,
,AT4G15760.1,,,,,,,,,,,,,
,AT2G43960.1,,,,,,,,,,,,,
,AT4G23030.1,,,,,,,,,,,,,
,AT3G46900.1,,,,,,,,,,,,,
,AT4G23130.2,,,,,,,,,,,,,
,AT5G24200.1,,,,,,,,,,,,,
,AT5G02270.1,,,,,,,,,,,,,
,AT1G06160.1,,,,,,,,,,,,,
,AT1G28290.1,,,,,,,,,,,,,
,AT1G72930.2,,,,,,,,,,,,,
,AT4G23170.1,,,,,,,,,,,,,
,AT5G39930.1,,,,,,,,,,,,,
,AT2G06200.1,,,,,,,,,,,,,
,AT3G56390.1,,,,,,,,,,,,,
,AT3G49750.1,,,,,,,,,,,,,
,AT4G15760.2,,,,,,,,,,,,,
,AT1G79760.1,,,,,,,,,,,,,
,AT5G51520.1,,,,,,,,,,,,,
,AT1G28290.2,,,,,,,,,,,,,
,AT5G02270.2,,,,,,,,,,,,,
,AT5G01070.2,,,,,,,,,,,,,
,AT1G05620.1,,,,,,,,,,,,,
,AT2G41231.1,,,,,,,,,,,,,
,AT2G19580.1,,,,,,,,,,,,,
,AT4G23450.2,,,,,,,,,,,,,
,AT2G45040.1,,,,,,,,,,,,,
,AT5G67430.1,,,,,,,,,,,,,
,AT3G61897.1,,,,,,,,,,,,,
,AT4G01830.1,,,,,,,,,,,,,
,AT1G55230.1,,,,,,,,,,,,,
,AT2G35200.1,,,,,,,,,,,,,
,AT5G24206.1,,,,,,,,,,,,,
,AT1G65486.1,,,,,,,,,,,,,
,AT1G05250.1,,,,,,,,,,,,,
,AT2G18140.1,,,,,,,,,,,,,
,AT4G12170.1,,,,,,,,,,,,,
,AT4G13230.1,,,,,,,,,,,,,
,AT4G28088.1,,,,,,,,,,,,,
,AT5G14010.1,,,,,,,,,,,,,
,AT5G65330.1,,,,,,,,,,,,,
,AT4G13300.1,,,,,,,,,,,,,
,AT5G65166.1,,,,,,,,,,,,,
,AT1G01110.1,,,,,,,,,,,,,
,AT1G33500.1,,,,,,,,,,,,,
,AT2G16575.1,,,,,,,,,,,,,
,AT4G37290.1,,,,,,,,,,,,,
,AT3G46650.1,,,,,,,,,,,,,
,AT3G28930.1,,,,,,,,,,,,,
,AT3G44830.1,,,,,,,,,,,,,
,AT2G41230.1,,,,,,,,,,,,,
,AT2G36800.1,,,,,,,,,,,,,
,AT4G20040.1,,,,,,,,,,,,,
,AT2G38300.1,,,,,,,,,,,,,
,AT1G02800.1,,,,,,,,,,,,,
,ATMG00490.1,,,,,,,,,,,,,
,ATMG00500.1,,,,,,,,,,,,,
,ATMG00530.1,,,,,,,,,,,,,
,AT1G51300.1,,,,,,,,,,,,,
,AT4G26470.1,,,,,,,,,,,,,
,AT2G03505.1,,,,,,,,,,,,,
,AT1G61950.1,,,,,,,,,,,,,
,AT5G12330.3,,,,,,,,,,,,,
,ATMG00540.1,,,,,,,,,,,,,
,AT5G42380.1,,,,,,,,,,,,,
,AT2G45890.1,,,,,,,,,,,,,
,AT3G14360.1,,,,,,,,,,,,,
,AT2G05910.1,,,,,,,,,,,,,
,AT4G33450.1,,,,,,,,,,,,,
,AT3G13090.1,,,,,,,,,,,,,
,AT1G05620.2,,,,,,,,,,,,,
,AT3G14630.1,,,,,,,,,,,,,
,AT1G58684.1,,,,,,,,,,,,,
,AT5G66710.1,,,,,,,,,,,,,
,AT1G19790.1,,,,,,,,,,,,,
,AT1G16420.1,,,,,,,,,,,,,
,AT3G61660.1,,,,,,,,,,,,,
,AT3G13405.1,,,,,,,,,,,,,
,AT5G07000.1,,,,,,,,,,,,,
,AT5G16600.1,,,,,,,,,,,,,
,AT1G65180.1,,,,,,,,,,,,,
,AT3G04720.1,,,,,,,,,,,,,
,AT1G68480.1,,,,,,,,,,,,,
,AT5G12280.1,,,,,,,,,,,,,
,AT3G14620.1,,,,,,,,,,,,,
,AT1G72920.1,,,,,,,,,,,,,
,AT3G09080.1,,,,,,,,,,,,,
,AT4G35670.1,,,,,,,,,,,,,
,AT4G10540.1,,,,,,,,,,,,,
,AT1G28190.1,,,,,,,,,,,,,
,AT1G14760.1,,,,,,,,,,,,,
,AT5G34800.1,,,,,,,,,,,,,
,AT5G03150.1,,,,,,,,,,,,,
,AT1G75790.1,,,,,,,,,,,,,
,AT3G21890.1,,,,,,,,,,,,,
,AT5G24040.1,,,,,,,,,,,,,
,ATMG00550.1,,,,,,,,,,,,,
,AT5G25300.1,,,,,,,,,,,,,
,AT2G37180.1,,,,,,,,,,,,,
,ATMG00665.1,,,,,,,,,,,,,
,AT1G03820.1,,,,,,,,,,,,,
,AT2G18340.2,,,,,,,,,,,,,
,AT3G01490.1,,,,,,,,,,,,,
,AT2G01560.1,,,,,,,,,,,,,
,AT2G36710.1,,,,,,,,,,,,,
,AT1G23110.3,,,,,,,,,,,,,
,AT3G49970.1,,,,,,,,,,,,,
,AT5G14565.1,,,,,,,,,,,,,
,AT3G31425.1,,,,,,,,,,,,,
,AT3G31900.1,,,,,,,,,,,,,
,AT3G31402.1,,,,,,,,,,,,,
,AT3G31402.2,,,,,,,,,,,,,
,AT3G31410.1,,,,,,,,,,,,,
,AT3G16460.2,,,,,,,,,,,,,
,AT5G27060.1,,,,,,,,,,,,,
,AT5G56840.1,,,,,,,,,,,,,
,AT1G67420.1,,,,,,,,,,,,,
,AT5G22500.1,,,,,,,,,,,,,
,AT3G16460.1,,,,,,,,,,,,,
,AT2G24000.1,,,,,,,,,,,,,
,AT1G48268.1,,,,,,,,,,,,,
,AT5G05390.1,,,,,,,,,,,,,
,AT3G11520.1,,,,,,,,,,,,,
,AT1G55950.1,,,,,,,,,,,,,
,AT4G23450.3,,,,,,,,,,,,,
,AT1G62190.1,,,,,,,,,,,,,
,AT5G18270.1,,,,,,,,,,,,,
,AT4G22770.1,,,,,,,,,,,,,
,AT5G20100.1,,,,,,,,,,,,,
,AT1G49570.1,,,,,,,,,,,,,
,AT5G47220.1,,,,,,,,,,,,,
,AT5G23530.1,,,,,,,,,,,,,
,AT5G48950.1,,,,,,,,,,,,,
,AT1G29920.1,,,,,,,,,,,,,
,AT5G14810.1,,,,,,,,,,,,,
,AT1G72360.2,,,,,,,,,,,,,
,AT1G15772.1,,,,,,,,,,,,,
,AT5G18270.2,,,,,,,,,,,,,
,AT5G47550.1,,,,,,,,,,,,,
,AT3G25250.1,,,,,,,,,,,,,
,AT1G10747.1,,,,,,,,,,,,,
,AT1G72360.3,,,,,,,,,,,,,
,AT2G35990.3,,,,,,,,,,,,,
,AT5G06080.1,,,,,,,,,,,,,
,AT1G75520.1,,,,,,,,,,,,,
,AT1G59725.1,,,,,,,,,,,,,
,AT5G02030.1,,,,,,,,,,,,,
,AT2G29480.1,,,,,,,,,,,,,
,AT1G76600.1,,,,,,,,,,,,,
,AT4G25631.1,,,,,,,,,,,,,
,AT1G67420.2,,,,,,,,,,,,,
,AT1G76910.1,,,,,,,,,,,,,
,AT5G42610.1,,,,,,,,,,,,,
,AT4G08470.1,,,,,,,,,,,,,
,AT3G30842.1,,,,,,,,,,,,,
,AT1G24938.1,,,,,,,,,,,,,
,AT1G76750.1,,,,,,,,,,,,,
,AT2G19970.1,,,,,,,,,,,,,
,AT1G54215.1,,,,,,,,,,,,,
,AT5G38820.1,,,,,,,,,,,,,
,AT1G60810.1,,,,,,,,,,,,,
,AT5G25440.1,,,,,,,,,,,,,
,AT3G05390.1,,,,,,,,,,,,,
,AT5G17420.1,,,,,,,,,,,,,
,AT3G15170.1,,,,,,,,,,,,,
,AT1G69530.1,,,,,,,,,,,,,
,AT3G47400.1,,,,,,,,,,,,,
,AT3G63052.1,,,,,,,,,,,,,
,AT1G69530.2,,,,,,,,,,,,,
,AT5G59240.1,,,,,,,,,,,,,
,AT5G11300.1,,,,,,,,,,,,,
,AT3G03130.1,,,,,,,,,,,,,
,AT1G78990.1,,,,,,,,,,,,,
,AT1G51870.1,,,,,,,,,,,,,
,AT1G65670.1,,,,,,,,,,,,,
,AT1G73165.1,,,,,,,,,,,,,
,AT4G03298.1,,,,,,,,,,,,,
,AT4G11730.1,,,,,,,,,,,,,
,AT4G37060.2,,,,,,,,,,,,,
,AT4G37060.1,,,,,,,,,,,,,
,AT2G21900.1,,,,,,,,,,,,,
,AT5G09470.1,,,,,,,,,,,,,
,AT4G30250.1,,,,,,,,,,,,,
,AT5G14545.1,,,,,,,,,,,,,
,AT4G02810.1,,,,,,,,,,,,,
,AT1G07180.1,,,,,,,,,,,,,
,AT4G14290.1,,,,,,,,,,,,,
,AT5G43400.1,,,,,,,,,,,,,
,AT1G28370.1,,,,,,,,,,,,,
,AT4G30850.1,,,,,,,,,,,,,
,AT3G62730.1,,,,,,,,,,,,,
,AT4G25860.1,,,,,,,,,,,,,
,AT1G65610.1,,,,,,,,,,,,,
,AT5G25600.1,,,,,,,,,,,,,
,AT1G67105.1,,,,,,,,,,,,,
,AT5G40630.1,,,,,,,,,,,,,
,AT1G65870.1,,,,,,,,,,,,,
,AT5G53200.1,,,,,,,,,,,,,
,AT5G27220.1,,,,,,,,,,,,,
,AT4G27657.1,,,,,,,,,,,,,
,AT5G09430.1,,,,,,,,,,,,,
,AT5G48485.1,,,,,,,,,,,,,
,AT5G09440.1,,,,,,,,,,,,,
,AT1G60730.1,,,,,,,,,,,,,
,AT1G60730.2,,,,,,,,,,,,,
,AT4G27210.1,,,,,,,,,,,,,
,AT5G19240.1,,,,,,,,,,,,,
,AT4G23160.1,,,,,,,,,,,,,
,AT2G23830.1,,,,,,,,,,,,,
,AT4G36380.1,,,,,,,,,,,,,
,AT1G75720.2,,,,,,,,,,,,,
,AT5G37540.1,,,,,,,,,,,,,
,AT4G27970.1,,,,,,,,,,,,,
,AT5G42880.1,,,,,,,,,,,,,
,AT1G65486.2,,,,,,,,,,,,,
,AT1G69530.3,,,,,,,,,,,,,
,AT1G69530.4,,,,,,,,,,,,,
,AT2G37820.1,,,,,,,,,,,,,
,AT2G34430.1,,,,,,,,,,,,,
,AT1G75720.1,,,,,,,,,,,,,
,AT1G45616.1,,,,,,,,,,,,,
,AT1G67870.1,,,,,,,,,,,,,
,AT2G05914.1,,,,,,,,,,,,,
,AT1G60730.3,,,,,,,,,,,,,
,AT1G69530.5,,,,,,,,,,,,,
,AT5G10890.1,,,,,,,,,,,,,
,AT1G73603.1,,,,,,,,,,,,,
,ATMG00480.1,,,,,,,,,,,,,
,AT3G23370.1,,,,,,,,,,,,,
,AT5G66170.3,,,,,,,,,,,,,
,AT1G16260.2,,,,,,,,,,,,,
,AT1G16260.1,,,,,,,,,,,,,
,AT1G22030.1,,,,,,,,,,,,,
,AT1G72360.1,,,,,,,,,,,,,
,AT5G53550.2,,,,,,,,,,,,,
,AT5G66170.1,,,,,,,,,,,,,
,AT5G66170.2,,,,,,,,,,,,,
,AT1G77855.1,,,,,,,,,,,,,
,AT2G26390.1,,,,,,,,,,,,,
,AT1G58225.1,,,,,,,,,,,,,
,AT3G55120.1,,,,,,,,,,,,,
,AT2G38760.1,,,,,,,,,,,,,
,AT5G11410.1,,,,,,,,,,,,,
,AT1G23410.1,,,,,,,,,,,,,
,AT5G39670.1,,,,,,,,,,,,,
,AT3G55515.1,,,,,,,,,,,,,
,AT1G24880.3,,,,,,,,,,,,,
,AT5G01760.1,,,,,,,,,,,,,
,AT1G68650.1,,,,,,,,,,,,,
,ATMG00590.1,,,,,,,,,,,,,
,AT1G52270.1,,,,,,,,,,,,,
,AT5G22580.1,,,,,,,,,,,,,
,AT1G79900.1,,,,,,,,,,,,,
,AT4G14368.1,,,,,,,,,,,,,
,AT3G14362.1,,,,,,,,,,,,,
,AT3G10660.1,,,,,,,,,,,,,
,AT5G62160.1,,,,,,,,,,,,,
,AT5G55770.1,,,,,,,,,,,,,
,ATMG00580.1,,,,,,,,,,,,,
,AT5G25110.1,,,,,,,,,,,,,
,AT5G25820.1,,,,,,,,,,,,,
,AT4G25630.1,,,,,,,,,,,,,
,AT5G61030.1,,,,,,,,,,,,,
,AT5G53550.1,,,,,,,,,,,,,
,AT5G19740.1,,,,,,,,,,,,,
,AT1G54330.1,,,,,,,,,,,,,
,AT3G17420.1,,,,,,,,,,,,,
,AT5G17490.1,,,,,,,,,,,,,
,AT3G03680.1,,,,,,,,,,,,,
,AT1G14160.1,,,,,,,,,,,,,
,AT1G21260.1,,,,,,,,,,,,,
,AT3G23050.2,,,,,,,,,,,,,
,AT5G56500.1,,,,,,,,,,,,,
,AT2G30400.1,,,,,,,,,,,,,
,AT5G56500.2,,,,,,,,,,,,,
,AT1G70950.1,,,,,,,,,,,,,
,AT5G40020.1,,,,,,,,,,,,,
,AT3G62960.1,,,,,,,,,,,,,
,AT5G14730.1,,,,,,,,,,,,,
,AT1G80690.1,,,,,,,,,,,,,
,AT1G11540.1,,,,,,,,,,,,,
,AT4G16640.1,,,,,,,,,,,,,
,AT1G27580.1,,,,,,,,,,,,,
,AT3G20460.1,,,,,,,,,,,,,
,AT2G47485.1,,,,,,,,,,,,,
,AT5G66920.1,,,,,,,,,,,,,
,AT1G21245.1,,,,,,,,,,,,,
,AT5G55460.1,,,,,,,,,,,,,
,AT2G18490.1,,,,,,,,,,,,,
,AT3G60966.1,,,,,,,,,,,,,
,AT1G25422.1,,,,,,,,,,,,,
,AT1G73500.1,,,,,,,,,,,,,
,AT1G55410.1,,,,,,,,,,,,,
,AT3G11150.1,,,,,,,,,,,,,
,AT3G05020.1,,,,,,,,,,,,,
,AT1G79850.1,,,,,,,,,,,,,
,AT1G33710.1,,,,,,,,,,,,,
,AT2G37090.1,,,,,,,,,,,,,
,AT1G35255.1,,,,,,,,,,,,,
,AT1G14780.1,,,,,,,,,,,,,
,AT1G10385.1,,,,,,,,,,,,,
,AT2G35990.1,,,,,,,,,,,,,
,AT4G10560.1,,,,,,,,,,,,,
,AT1G20440.1,,,,,,,,,,,,,
,AT2G35585.1,,,,,,,,,,,,,
,AT5G10820.1,,,,,,,,,,,,,
,AT3G08940.2,,,,,,,,,,,,,
,AT4G03540.1,,,,,,,,,,,,,
,AT3G51642.1,,,,,,,,,,,,,
,AT5G07050.1,,,,,,,,,,,,,
,AT2G18500.1,,,,,,,,,,,,,
,AT3G49700.1,,,,,,,,,,,,,
,AT1G64340.1,,,,,,,,,,,,,
,AT2G35070.1,,,,,,,,,,,,,
,AT3G11420.1,,,,,,,,,,,,,
,AT3G46760.1,,,,,,,,,,,,,
,AT4G00893.1,,,,,,,,,,,,,
,AT1G16370.1,,,,,,,,,,,,,
,AT5G49320.1,,,,,,,,,,,,,
,AT3G23370.2,,,,,,,,,,,,,
,AT1G03220.1,,,,,,,,,,,,,
,AT5G10590.1,,,,,,,,,,,,,
,AT1G55580.1,,,,,,,,,,,,,
,AT2G26820.1,,,,,,,,,,,,,
,AT3G29030.1,,,,,,,,,,,,,
,AT1G29930.1,,,,,,,,,,,,,
,AT5G17340.1,,,,,,,,,,,,,
,AT2G09388.1,,,,,,,,,,,,,
,AT5G27800.1,,,,,,,,,,,,,
,AT1G74490.1,,,,,,,,,,,,,
,AT3G02590.1,,,,,,,,,,,,,
,AT2G25940.1,,,,,,,,,,,,,
,AT2G18350.1,,,,,,,,,,,,,
,AT1G05990.1,,,,,,,,,,,,,
,AT1G67370.1,,,,,,,,,,,,,
,AT1G06330.1,,,,,,,,,,,,,
,AT1G29190.1,,,,,,,,,,,,,
,AT1G76911.1,,,,,,,,,,,,,
,AT5G60810.1,,,,,,,,,,,,,
,AT5G60810.2,,,,,,,,,,,,,
,AT1G30270.1,,,,,,,,,,,,,
,AT1G76680.1,,,,,,,,,,,,,
,AT3G28330.1,,,,,,,,,,,,,
,AT1G76520.1,,,,,,,,,,,,,
,AT5G18470.1,,,,,,,,,,,,,
,AT5G14570.1,,,,,,,,,,,,,
,AT4G33280.1,,,,,,,,,,,,,
,AT5G35380.1,,,,,,,,,,,,,
,AT3G55940.1,,,,,,,,,,,,,
,AT3G28880.1,,,,,,,,,,,,,
,AT1G76520.2,,,,,,,,,,,,,
,AT5G37550.1,,,,,,,,,,,,,
,AT5G49620.2,,,,,,,,,,,,,
,AT4G38820.1,,,,,,,,,,,,,
,AT1G58248.1,,,,,,,,,,,,,
,AT4G40085.1,,,,,,,,,,,,,
,AT4G11810.1,,,,,,,,,,,,,
,AT3G14475.1,,,,,,,,,,,,,
,AT4G14940.1,,,,,,,,,,,,,
,AT3G07390.1,,,,,,,,,,,,,
,AT2G38860.2,,,,,,,,,,,,,
,AT3G26742.1,,,,,,,,,,,,,
,AT4G25850.1,,,,,,,,,,,,,
,AT2G31420.1,,,,,,,,,,,,,
,AT5G02370.1,,,,,,,,,,,,,
,AT3G26500.1,,,,,,,,,,,,,
,AT1G64370.1,,,,,,,,,,,,,
,AT5G20410.1,,,,,,,,,,,,,
,AT2G02130.1,,,,,,,,,,,,,
,AT3G43340.1,,,,,,,,,,,,,
,AT4G28680.1,,,,,,,,,,,,,
,AT4G28680.2,,,,,,,,,,,,,
,AT4G28680.3,,,,,,,,,,,,,
,AT3G24225.1,,,,,,,,,,,,,
,AT2G14570.1,,,,,,,,,,,,,
,AT1G73510.1,,,,,,,,,,,,,
,AT2G07640.1,,,,,,,,,,,,,
,AT2G15380.1,,,,,,,,,,,,,
,AT4G08093.1,,,,,,,,,,,,,
,AT1G64000.1,,,,,,,,,,,,,
,AT1G02391.1,,,,,,,,,,,,,
,AT1G53130.1,,,,,,,,,,,,,
,AT3G31310.1,,,,,,,,,,,,,
,AT1G73640.1,,,,,,,,,,,,,
,AT3G28915.1,,,,,,,,,,,,,
,AT1G01580.1,,,,,,,,,,,,,
,AT1G24130.1,,,,,,,,,,,,,
,AT5G12330.2,,,,,,,,,,,,,
,AT1G26360.1,,,,,,,,,,,,,
,AT3G27480.1,,,,,,,,,,,,,
,AT5G17260.1,,,,,,,,,,,,,
,AT3G23050.1,,,,,,,,,,,,,
,AT1G23100.1,,,,,,,,,,,,,
,AT4G18640.1,,,,,,,,,,,,,
,AT3G61920.1,,,,,,,,,,,,,
,AT2G18340.1,,,,,,,,,,,,,
,AT1G66783.1,,,,,,,,,,,,,
,AT3G03170.1,,,,,,,,,,,,,
,AT3G08940.1,,,,,,,,,,,,,
,AT3G06035.1,,,,,,,,,,,,,
,AT3G50820.1,,,,,,,,,,,,,
,AT1G69730.1,,,,,,,,,,,,,
,AT1G69526.3,,,,,,,,,,,,,
,AT5G43570.1,,,,,,,,,,,,,
,AT1G74930.1,,,,,,,,,,,,,
,AT4G22485.1,,,,,,,,,,,,,
,AT1G67860.1,,,,,,,,,,,,,
,AT2G05100.1,,,,,,,,,,,,,
,AT2G38860.1,,,,,,,,,,,,,
,AT2G41231.2,,,,,,,,,,,,,
,AT3G44570.1,,,,,,,,,,,,,
,AT1G58807.2,,,,,,,,,,,,,
,AT5G37180.1,,,,,,,,,,,,,
,AT5G47850.1,,,,,,,,,,,,,
,AT5G05300.1,,,,,,,,,,,,,
,AT4G38825.1,,,,,,,,,,,,,
,AT5G11420.1,,,,,,,,,,,,,
,AT5G01840.1,,,,,,,,,,,,,
,AT3G15760.1,,,,,,,,,,,,,
,AT5G10170.1,,,,,,,,,,,,,
,AT1G53880.1,,,,,,,,,,,,,
,AT5G34830.1,,,,,,,,,,,,,
,AT1G76680.2,,,,,,,,,,,,,
,AT1G07795.1,,,,,,,,,,,,,
,AT1G03400.1,,,,,,,,,,,,,
,AT5G18404.1,,,,,,,,,,,,,
,AT3G42180.3,,,,,,,,,,,,,
,AT2G28270.1,,,,,,,,,,,,,
,AT3G53600.1,,,,,,,,,,,,,
,AT2G47180.1,,,,,,,,,,,,,
,AT1G72900.1,,,,,,,,,,,,,
,AT1G14390.1,,,,,,,,,,,,,
,AT1G21460.1,,,,,,,,,,,,,
,AT2G38860.3,,,,,,,,,,,,,
,AT1G22710.1,,,,,,,,,,,,,
,AT5G12330.1,,,,,,,,,,,,,
,AT1G63440.1,,,,,,,,,,,,,
,AT4G08300.1,,,,,,,,,,,,,
,AT1G51470.1,,,,,,,,,,,,,
,AT1G49790.1,,,,,,,,,,,,,
,AT5G46871.1,,,,,,,,,,,,,
,AT3G13600.1,,,,,,,,,,,,,
,AT1G59865.1,,,,,,,,,,,,,
,AT5G35960.1,,,,,,,,,,,,,
,AT1G57650.2,,,,,,,,,,,,,
,AT1G57650.1,,,,,,,,,,,,,
,AT2G22170.1,,,,,,,,,,,,,
,AT5G06720.1,,,,,,,,,,,,,
,AT5G10260.1,,,,,,,,,,,,,
,AT5G55350.1,,,,,,,,,,,,,
,AT4G19690.1,,,,,,,,,,,,,
,AT2G05640.1,,,,,,,,,,,,,
,AT1G59730.1,,,,,,,,,,,,,
,AT5G42230.1,,,,,,,,,,,,,
,AT3G12860.1,,,,,,,,,,,,,
,AT5G17960.1,,,,,,,,,,,,,
,AT4G22130.2,,,,,,,,,,,,,
,AT2G32610.1,,,,,,,,,,,,,
,AT2G24000.2,,,,,,,,,,,,,
,AT1G75160.1,,,,,,,,,,,,,
,AT3G59250.1,,,,,,,,,,,,,
,AT3G11840.1,,,,,,,,,,,,,
,AT1G55205.1,,,,,,,,,,,,,
,AT2G13960.2,,,,,,,,,,,,,
,AT3G24840.1,,,,,,,,,,,,,
,AT3G16450.2,,,,,,,,,,,,,
,AT3G13432.1,,,,,,,,,,,,,
,AT3G16450.3,,,,,,,,,,,,,
,AT4G24415.2,,,,,,,,,,,,,
,AT3G15020.1,,,,,,,,,,,,,
,AT2G04450.1,,,,,,,,,,,,,
,AT4G28815.1,,,,,,,,,,,,,
,AT5G38790.1,,,,,,,,,,,,,
,AT2G15350.1,,,,,,,,,,,,,
,AT3G52930.1,,,,,,,,,,,,,
,AT4G22960.1,,,,,,,,,,,,,
,AT2G39700.1,,,,,,,,,,,,,
,AT4G21200.2,,,,,,,,,,,,,
,AT4G01890.1,,,,,,,,,,,,,
,AT2G37710.1,,,,,,,,,,,,,
,AT4G16610.1,,,,,,,,,,,,,
,AT4G32212.1,,,,,,,,,,,,,
,AT1G77145.1,,,,,,,,,,,,,
,AT1G76960.1,,,,,,,,,,,,,
,AT3G16450.1,,,,,,,,,,,,,
,AT3G15020.2,,,,,,,,,,,,,
,AT3G09680.1,,,,,,,,,,,,,
,AT3G23060.1,,,,,,,,,,,,,
,AT4G24265.1,,,,,,,,,,,,,
,AT4G23280.1,,,,,,,,,,,,,
,AT5G65280.1,,,,,,,,,,,,,
,AT5G51670.1,,,,,,,,,,,,,
,AT4G22305.1,,,,,,,,,,,,,
,AT5G43390.1,,,,,,,,,,,,,
,AT3G43970.1,,,,,,,,,,,,,
,AT1G70860.1,,,,,,,,,,,,,
,AT1G01110.2,,,,,,,,,,,,,
,AT5G43060.1,,,,,,,,,,,,,
,AT5G03995.1,,,,,,,,,,,,,
,AT5G34790.1,,,,,,,,,,,,,
,AT3G18280.1,,,,,,,,,,,,,
,AT1G05675.1,,,,,,,,,,,,,
,AT1G69526.1,,,,,,,,,,,,,
,AT1G15760.1,,,,,,,,,,,,,
,AT1G49330.1,,,,,,,,,,,,,
,AT1G31935.1,,,,,,,,,,,,,
,AT5G01190.1,,,,,,,,,,,,,
,AT5G10140.1,,,,,,,,,,,,,
,AT5G10140.2,,,,,,,,,,,,,
,AT4G21200.3,,,,,,,,,,,,,
,AT4G28680.4,,,,,,,,,,,,,
,AT2G35990.2,,,,,,,,,,,,,
,AT1G75570.1,,,,,,,,,,,,,
,AT5G24210.1,,,,,,,,,,,,,
,AT2G16990.1,,,,,,,,,,,,,
,AT1G78440.1,,,,,,,,,,,,,
,AT3G07120.1,,,,,,,,,,,,,
,AT5G25290.1,,,,,,,,,,,,,
,AT1G47630.1,,,,,,,,,,,,,
,AT4G01430.2,,,,,,,,,,,,,
,AT3G09250.2,,,,,,,,,,,,,
,AT3G22100.1,,,,,,,,,,,,,
,AT2G18530.1,,,,,,,,,,,,,
,AT5G25430.1,,,,,,,,,,,,,
,AT5G12280.2,,,,,,,,,,,,,
,AT1G35720.1,,,,,,,,,,,,,
,AT3G16920.1,,,,,,,,,,,,,
,AT1G49790.2,,,,,,,,,,,,,
,AT4G38390.1,,,,,,,,,,,,,
,AT4G40085.2,,,,,,,,,,,,,
,AT5G10140.3,,,,,,,,,,,,,
,AT2G34135.1,,,,,,,,,,,,,
,AT3G50220.1,,,,,,,,,,,,,
,AT2G36140.1,,,,,,,,,,,,,
,AT1G62045.1,,,,,,,,,,,,,
,AT2G31880.1,,,,,,,,,,,,,
,AT2G16990.2,,,,,,,,,,,,,
,AT3G01830.2,,,,,,,,,,,,,
,AT3G16430.2,,,,,,,,,,,,,
,AT1G64160.1,,,,,,,,,,,,,
,AT4G24415.1,,,,,,,,,,,,,
,AT5G61650.1,,,,,,,,,,,,,
,AT1G77992.1,,,,,,,,,,,,,
,AT2G05915.1,,,,,,,,,,,,,
,AT2G14210.1,,,,,,,,,,,,,
,ATMG01380.1,,,,,,,,,,,,,
,AT5G36870.1,,,,,,,,,,,,,
,AT4G01430.1,,,,,,,,,,,,,
,AT1G23210.1,,,,,,,,,,,,,
,AT1G33817.1,,,,,,,,,,,,,
,AT1G34540.1,,,,,,,,,,,,,
,AT1G35242.1,,,,,,,,,,,,,
,AT2G29000.1,,,,,,,,,,,,,
,AT3G29767.1,,,,,,,,,,,,,
,AT4G10350.1,,,,,,,,,,,,,
,AT4G12180.1,,,,,,,,,,,,,
,AT1G61510.1,,,,,,,,,,,,,
,AT1G05450.2,,,,,,,,,,,,,
,AT3G22310.1,,,,,,,,,,,,,
,AT2G38920.1,,,,,,,,,,,,,
,AT2G38920.2,,,,,,,,,,,,,
,AT2G38920.3,,,,,,,,,,,,,
,AT3G20570.1,,,,,,,,,,,,,
,AT1G23020.1,,,,,,,,,,,,,
,AT1G69150.1,,,,,,,,,,,,,
,AT5G55450.1,,,,,,,,,,,,,
,AT3G51600.1,,,,,,,,,,,,,
,AT1G20950.1,,,,,,,,,,,,,
,AT4G01110.1,,,,,,,,,,,,,
,AT5G53980.1,,,,,,,,,,,,,
,AT2G27630.1,,,,,,,,,,,,,
,AT4G35350.1,,,,,,,,,,,,,
,ATCG01240.1,,,,,,,,,,,,,
,AT3G50890.1,,,,,,,,,,,,,
,AT1G29050.1,,,,,,,,,,,,,
,AT4G12470.1,,,,,,,,,,,,,
,AT4G16050.1,,,,,,,,,,,,,
,AT5G22860.1,,,,,,,,,,,,,
,AT4G14650.1,,,,,,,,,,,,,
,AT1G23020.2,,,,,,,,,,,,,
,AT2G47880.1,,,,,,,,,,,,,
,AT2G21890.1,,,,,,,,,,,,,
,AT1G69526.2,,,,,,,,,,,,,
,AT1G55205.2,,,,,,,,,,,,,
,AT5G64110.1,,,,,,,,,,,,,
,AT2G01667.1,,,,,,,,,,,,,
,AT1G14120.1,,,,,,,,,,,,,
,AT5G06070.1,,,,,,,,,,,,,
,AT5G24230.1,,,,,,,,,,,,,
,AT3G03700.1,,,,,,,,,,,,,
,AT3G10960.1,,,,,,,,,,,,,
,AT4G17340.1,,,,,,,,,,,,,
,AT3G29772.1,,,,,,,,,,,,,
,AT2G37670.1,,,,,,,,,,,,,
,AT5G07810.1,,,,,,,,,,,,,
,AT5G45350.1,,,,,,,,,,,,,
,AT2G43820.1,,,,,,,,,,,,,
,AT1G11100.1,,,,,,,,,,,,,
,AT2G45830.1,,,,,,,,,,,,,
,AT1G65200.1,,,,,,,,,,,,,
,AT1G25210.1,,,,,,,,,,,,,
,AT1G25210.2,,,,,,,,,,,,,
,AT5G39910.1,,,,,,,,,,,,,
,AT5G16360.1,,,,,,,,,,,,,
,AT1G24370.1,,,,,,,,,,,,,
,AT4G01490.1,,,,,,,,,,,,,
,AT5G49850.1,,,,,,,,,,,,,
,AT2G16530.1,,,,,,,,,,,,,
,AT5G08790.1,,,,,,,,,,,,,
,AT3G09250.1,,,,,,,,,,,,,
,AT3G24900.1,,,,,,,,,,,,,
,AT4G24480.1,,,,,,,,,,,,,
,AT4G19820.1,,,,,,,,,,,,,
,AT4G13395.1,,,,,,,,,,,,,
,AT1G26780.1,,,,,,,,,,,,,
,AT5G17220.1,,,,,,,,,,,,,
,AT5G26930.1,,,,,,,,,,,,,
,AT1G68795.1,,,,,,,,,,,,,
,AT2G16610.1,,,,,,,,,,,,,
,AT3G07130.1,,,,,,,,,,,,,
,AT1G11330.1,,,,,,,,,,,,,
,AT3G20640.1,,,,,,,,,,,,,
,AT4G33130.2,,,,,,,,,,,,,
,AT5G52570.1,,,,,,,,,,,,,
,AT1G11330.2,,,,,,,,,,,,,
,AT3G04850.1,,,,,,,,,,,,,
,AT4G35350.2,,,,,,,,,,,,,
,AT3G25880.1,,,,,,,,,,,,,
,AT1G61224.1,,,,,,,,,,,,,
,AT3G57645.1,,,,,,,,,,,,,
,AT3G47040.1,,,,,,,,,,,,,
,AT4G11390.1,,,,,,,,,,,,,
,AT5G52570.2,,,,,,,,,,,,,
,AT2G43535.1,,,,,,,,,,,,,
,AT5G57920.1,,,,,,,,,,,,,
,AT1G11570.2,,,,,,,,,,,,,
,AT3G50200.1,,,,,,,,,,,,,
,AT1G54530.1,,,,,,,,,,,,,
,AT1G09740.1,,,,,,,,,,,,,
,AT2G45830.2,,,,,,,,,,,,,
,AT3G26818.1,,,,,,,,,,,,,
,AT3G21781.1,,,,,,,,,,,,,
,AT1G73590.1,,,,,,,,,,,,,
,AT1G31720.1,,,,,,,,,,,,,
,AT3G59740.1,,,,,,,,,,,,,
,AT1G15830.1,,,,,,,,,,,,,
,AT4G33130.1,,,,,,,,,,,,,
,AT5G08760.1,,,,,,,,,,,,,
,AT1G29860.1,,,,,,,,,,,,,
,AT2G41100.2,,,,,,,,,,,,,
,AT3G43720.2,,,,,,,,,,,,,
,AT4G23610.1,,,,,,,,,,,,,
,AT3G09730.2,,,,,,,,,,,,,
,AT4G22217.1,,,,,,,,,,,,,
,AT1G53170.1,,,,,,,,,,,,,
,AT2G16530.2,,,,,,,,,,,,,
,AT1G59865.2,,,,,,,,,,,,,
,AT1G13200.1,,,,,,,,,,,,,
,AT3G48100.1,,,,,,,,,,,,,
,AT1G22240.1,,,,,,,,,,,,,
,AT2G19230.1,,,,,,,,,,,,,
,AT2G22750.1,,,,,,,,,,,,,
,AT2G22750.2,,,,,,,,,,,,,
,AT4G11310.1,,,,,,,,,,,,,
,AT5G37820.1,,,,,,,,,,,,,
,AT4G33130.3,,,,,,,,,,,,,
,AT5G02550.1,,,,,,,,,,,,,
,AT5G50665.1,,,,,,,,,,,,,
,AT5G50665.2,,,,,,,,,,,,,
,AT5G19870.1,,,,,,,,,,,,,
,AT4G39000.1,,,,,,,,,,,,,
,AT1G69260.1,,,,,,,,,,,,,
,AT1G16022.1,,,,,,,,,,,,,
,AT2G29660.1,,,,,,,,,,,,,
,AT2G38500.1,,,,,,,,,,,,,
,ATCG01260.1,,,,,,,,,,,,,
,AT2G24645.1,,,,,,,,,,,,,
,AT3G47420.1,,,,,,,,,,,,,
,AT5G17350.1,,,,,,,,,,,,,
,AT1G04490.2,,,,,,,,,,,,,
,AT4G18780.1,,,,,,,,,,,,,
,AT2G37060.2,,,,,,,,,,,,,
,AT2G37060.3,,,,,,,,,,,,,
,AT5G35965.1,,,,,,,,,,,,,
,AT1G11100.2,,,,,,,,,,,,,
,AT2G37370.1,,,,,,,,,,,,,
,AT2G47890.2,,,,,,,,,,,,,
,AT2G29430.1,,,,,,,,,,,,,
,AT1G80570.3,,,,,,,,,,,,,
,AT1G14430.1,,,,,,,,,,,,,
,AT5G24660.1,,,,,,,,,,,,,
,AT5G48650.1,,,,,,,,,,,,,
,AT5G45350.2,,,,,,,,,,,,,
,AT1G58270.1,,,,,,,,,,,,,
,AT1G65985.1,,,,,,,,,,,,,
,AT4G21200.1,,,,,,,,,,,,,
,AT3G43720.1,,,,,,,,,,,,,
,ATMG00570.1,,,,,,,,,,,,,
,AT1G24880.2,,,,,,,,,,,,,
,AT1G24822.1,,,,,,,,,,,,,
,AT4G00360.1,,,,,,,,,,,,,
,AT5G24760.1,,,,,,,,,,,,,
,AT2G34290.1,,,,,,,,,,,,,
,AT1G52660.1,,,,,,,,,,,,,
,AT4G30320.1,,,,,,,,,,,,,
,AT5G01900.1,,,,,,,,,,,,,
,AT2G41100.1,,,,,,,,,,,,,
,AT2G41100.4,,,,,,,,,,,,,
,AT1G10340.2,,,,,,,,,,,,,
,AT2G37060.1,,,,,,,,,,,,,
,AT1G04490.1,,,,,,,,,,,,,
,AT4G26470.2,,,,,,,,,,,,,
,AT5G06380.1,,,,,,,,,,,,,
,AT1G32585.1,,,,,,,,,,,,,
,AT3G05870.1,,,,,,,,,,,,,
,AT5G10140.4,,,,,,,,,,,,,
,AT3G58710.2,,,,,,,,,,,,,
,AT4G04580.1,,,,,,,,,,,,,
,AT4G24130.1,,,,,,,,,,,,,
,AT2G22290.1,,,,,,,,,,,,,
,AT2G40450.1,,,,,,,,,,,,,
,AT1G21320.1,,,,,,,,,,,,,
,AT4G05070.1,,,,,,,,,,,,,
